Output Data (20 mutations),,,,,,,,,,,,,,,,,,,,,,,,,,,,,,,,,,,,,,,,,,,,,,,,,,,,,,,,,,,,,,,,,,,,,,,,,,,,,,,,,,,,,,,,,,,,,,,,,,,,,,,,
d sum True,d sum MV,d sum DBMC,d sym Mc1,d sum mc2,d sum mc3,d sum mc4,d sum mc5,d MV,d DBMC,d mc1,d mc2,d mc3,d mc4,d mc5,d i1,d i2,d i3,d i4,d i5,an MV,an DBMC,an mc1,an mc2,an mc3,an mc4,an mc5,an i1,an i2,an i3,an i4,an i5,c MV,c DBMC,c mc1,c mc2,c mc3,c mc4,c mc5,c i1,c i2,c i3,c i4,c i5,combined(0) MV,comb dbmcc,comb mc1,comb mc2,comb mc3,comb mc4,comb mc5,comb i1,comb i2,comb i3,comb i4,comb i5,combined(0.3) MV,comb dbmcc,comb mc1,comb mc2,comb mc3,comb mc4,comb mc5,comb i1,comb i2,comb i3,comb i4,comb i5,combined(0.5) MV,comb dbmcc,comb mc1,comb mc2,comb mc3,comb mc4,comb mc5,comb i1,comb i2,comb i3,comb i4,comb i5,combined(0.7) MV,comb dbmcc,comb mc1,comb mc2,comb mc3,comb mc4,comb mc5,comb i1,comb i2,comb i3,comb i4,comb i5,combined(1) MV,comb dbmcc,comb mc1,comb mc2,comb mc3,comb mc4,comb mc5,comb i1,comb i2,comb i3,comb i4,comb i5,
704,1210,704,704,986,1198,1212,1184,166,92,92,102,158,166,164,106,68,92,398,40,0.752,0.968,0.968,0.784,0.552,0.544,0.544,0.944,0.808,0.92,0.832,0.976,0.919047619,0.947619048,0.947619048,0.9,0.923809524,0.885714286,0.804761905,0.919047619,0.866666667,0.919047619,0.861904762,0.961904762,0.906267645,0.948051948,0.948051948,0.942405421,0.910784867,0.906267645,0.907396951,0.94014681,0.961603614,0.948051948,0.77526821,0.97741389,0.931229457,0.907260525,0.907260525,0.959683794,0.937549407,0.934387352,0.935177866,0.889475316,0.946095503,0.92303486,0.712252964,0.949407115,0.947870665,0.880066242,0.880066242,0.97120271,0.955392434,0.953133823,0.953698475,0.85569432,0.935756762,0.906356801,0.670242801,0.930735931,0.964511873,0.85287196,0.85287196,0.982721626,0.97323546,0.971880294,0.972219085,0.821913324,0.925418021,0.889678742,0.628232637,0.912064747,0.989473684,0.812080537,0.812080537,1,1,1,1,0.77124183,0.90990991,0.864661654,0.565217391,0.884057971, 
626,630,520,630,720,814,968,1044,2,76,2,58,72,126,140,96,352,86,92,0,1,0.941747573,1,0.776699029,0.699029126,0.368932039,0.504854369,0.902912621,1,0.883495146,0.834951456,1,0.995238095,0.995238095,0.995238095,0.985714286,0.980952381,0.933333333,0.985714286,0.957142857,0.933333333,0.995238095,0.942857143,1,0.998870695,0.957086392,0.998870695,0.967250141,0.959345003,0.928853755,0.920948617,0.945793337,0.801242236,0.951439864,0.948051948,1,0.999209486,0.883931063,0.999209486,0.977075099,0.971541502,0.950197628,0.944664032,0.855805336,0.724361629,0.876007905,0.863636364,1,0.999435347,0.835160843,0.999435347,0.983625071,0.979672501,0.964426877,0.960474308,0.795813335,0.67310789,0.825719932,0.807359307,1,0.999661208,0.786390623,0.999661208,0.990175042,0.987803501,0.978656126,0.976284585,0.735821334,0.621854152,0.775431959,0.751082251,1,1,0.713235294,1,1,1,1,1,0.645833333,0.544973545,0.7,0.666666667,1, 
700,720,684,708,762,762,762,818,8,38,28,46,46,46,62,94,352,30,68,156,1,1,1,0.866666667,0.866666667,0.866666667,0.8,0.933333333,0.99047619,1,1,1,0.980952381,0.99047619,0.976190476,0.980952381,0.980952381,0.980952381,0.980952381,0.961904762,0.928571429,0.976190476,0.971428571,0.971428571,0.995482778,0.978543196,0.984189723,0.974025974,0.974025974,0.974025974,0.96499153,0.946922643,0.801242236,0.983060418,0.961603614,0.911914173,0.996837945,0.979372761,0.986102618,0.981818182,0.981818182,0.981818182,0.975494071,0.93257062,0.738142292,0.969392292,0.956906313,0.876976285,0.997741389,0.979925804,0.987377881,0.987012987,0.987012987,0.987012987,0.982495765,0.923002606,0.696075663,0.960280209,0.95377478,0.853684359,0.998644833,0.980478847,0.988653143,0.992207792,0.992207792,0.992207792,0.989497459,0.913434591,0.654009034,0.951168125,0.950643246,0.830392434,1,0.981308411,0.990566038,1,1,1,1,0.899082569,0.590909091,0.9375,0.945945946,0.795454545, 
884,728,716,716,1116,1146,1130,1122,192,186,186,88,80,92,88,172,150,28,272,262,1,0.947368421,0.947368421,0.747368421,0.747368421,0.747368421,0.747368421,0.884210526,0.873684211,0.957894737,0.957894737,0.915789474,0.952380952,0.928571429,0.928571429,0.952380952,0.942857143,0.942857143,0.904761905,0.923809524,0.866666667,0.952380952,0.9,0.942857143,0.891586674,0.894974591,0.894974591,0.950310559,0.954827781,0.948051948,0.950310559,0.902879729,0.915302089,0.984189723,0.846414455,0.852060982,0.861610672,0.855295773,0.855295773,0.965217391,0.968379447,0.963636364,0.965217391,0.843780516,0.861065445,0.988932806,0.782073452,0.801954499,0.84162667,0.828843228,0.828843228,0.97515528,0.97741389,0.974025974,0.97515528,0.804381041,0.824907682,0.992094862,0.73917945,0.768550176,0.821642669,0.802390682,0.802390682,0.985093168,0.986448334,0.984415584,0.985093168,0.764981566,0.788749919,0.995256917,0.696285448,0.735145854,0.791666667,0.762711864,0.762711864,1,1,1,1,0.705882353,0.734513274,1,0.631944444,0.68503937, 
840,724,654,714,714,752,754,758,144,126,126,126,114,112,114,150,108,170,214,198,1,1,1,1,1,1,1,1,1,1,1,1,0.885714286,0.895238095,0.885714286,0.885714286,0.89047619,0.895238095,0.89047619,0.933333333,0.947619048,0.933333333,0.90952381,0.957142857,0.918690006,0.928853755,0.928853755,0.928853755,0.935629588,0.936758893,0.935629588,0.915302089,0.939017504,0.904009034,0.879164314,0.888198758,0.870110031,0.87125026,0.880334615,0.880334615,0.888274045,0.889064559,0.888274045,0.8360603,0.869970481,0.819472991,0.740788154,0.78973913,0.837723381,0.83284793,0.847988521,0.847988521,0.856703683,0.857268336,0.856703683,0.78323244,0.823939132,0.763115628,0.648537381,0.724099379,0.805336731,0.7944456,0.815642428,0.815642428,0.825133321,0.825472112,0.825133321,0.73040458,0.777907783,0.706758266,0.556286608,0.658459627,0.756756757,0.736842105,0.767123288,0.767123288,0.777777778,0.777777778,0.777777778,0.651162791,0.708860759,0.622222222,0.417910448,0.56, 
1432,924,608,636,690,672,1268,1604,398,242,250,242,266,112,94,352,258,182,350,290,0.962732919,0.962732919,0.962732919,0.950310559,0.919254658,0.906832298,0.863354037,0.97515528,0.962732919,0.944099379,0.98136646,0.962732919,0.919047619,0.928571429,0.938095238,0.938095238,0.904761905,0.938095238,0.904761905,0.942857143,0.928571429,0.919047619,0.880952381,0.933333333,0.77526821,0.863354037,0.858836815,0.863354037,0.849802372,0.936758893,0.946922643,0.801242236,0.854319593,0.897233202,0.802371542,0.836250706,0.799593824,0.877877238,0.874715183,0.875945459,0.867254298,0.94388912,0.96284585,0.823998057,0.865265095,0.890132207,0.81245373,0.85108978,0.815810901,0.887559372,0.885300761,0.884339741,0.878888916,0.948642605,0.973461321,0.839168604,0.872562096,0.88539821,0.819175189,0.860982496,0.832027977,0.897241505,0.895886339,0.892734022,0.890523534,0.953396089,0.984076793,0.854339151,0.879859096,0.880664213,0.825896648,0.870875212,0.856353591,0.911764706,0.911764706,0.905325444,0.90797546,0.960526316,1,0.877094972,0.890804598,0.873563218,0.835978836,0.885714286, 
502,98,98,98,98,98,98,518,90,90,90,90,90,90,116,106,106,90,110,90,0.913043478,0.913043478,0.913043478,0.913043478,0.913043478,0.913043478,0.217391304,0.760869565,0.760869565,0.913043478,0.847826087,0.913043478,0.961904762,0.961904762,0.961904762,0.961904762,0.961904762,0.961904762,0.961904762,0.938095238,0.938095238,0.976190476,0.919047619,0.961904762,0.949181254,0.949181254,0.949181254,0.949181254,0.949181254,0.949181254,0.934500282,0.94014681,0.94014681,0.949181254,0.937888199,0.949181254,0.90673457,0.90673457,0.90673457,0.90673457,0.90673457,0.90673457,0.954150198,0.879155398,0.879155398,0.895619538,0.86733255,0.90673457,0.878436781,0.878436781,0.878436781,0.878436781,0.878436781,0.878436781,0.967250141,0.838494457,0.838494457,0.859911728,0.820295451,0.878436781,0.850138991,0.850138991,0.850138991,0.850138991,0.850138991,0.850138991,0.980350085,0.797833517,0.797833517,0.824203917,0.773258352,0.850138991,0.807692308,0.807692308,0.807692308,0.807692308,0.807692308,0.807692308,1,0.736842105,0.736842105,0.770642202,0.702702703,0.807692308, 
838,702,624,702,724,724,896,962,120,98,120,122,122,112,38,204,20,262,98,254,1,1,1,1,1,0.714285714,1,1,1,1,1,1,0.947619048,1,0.947619048,0.942857143,0.942857143,0.947619048,0.90952381,0.942857143,0.995238095,0.928571429,1,0.947619048,0.932241671,0.944664032,0.932241671,0.931112366,0.931112366,0.936758893,0.978543196,0.884810841,0.988706945,0.852060982,0.944664032,0.856578204,0.909712027,0.918407679,0.909712027,0.928701733,0.928701733,0.955731225,0.984980237,0.848458498,0.98856545,0.811827303,0.918407679,0.804482792,0.894692264,0.900903444,0.894692264,0.927094644,0.927094644,0.968379447,0.989271598,0.824223602,0.98847112,0.78500485,0.900903444,0.769752517,0.879672501,0.883399209,0.879672501,0.925487556,0.925487556,0.981027668,0.993562959,0.799988707,0.988376789,0.758182397,0.883399209,0.735022242,0.857142857,0.857142857,0.857142857,0.923076923,0.923076923,1,1,0.763636364,0.988235294,0.717948718,0.857142857,0.682926829, 
764,896,634,712,832,870,864,868,196,176,186,70,96,94,96,24,228,122,226,164,0.709090909,1,0.436363636,0.709090909,0.709090909,0.709090909,0.709090909,0.963636364,1,0.963636364,1,1,0.923809524,0.99047619,0.914285714,0.923809524,0.861904762,0.866666667,0.861904762,0.952380952,0.952380952,0.923809524,0.957142857,0.966666667,0.889328063,0.900621118,0.894974591,0.960474308,0.945793337,0.946922643,0.945793337,0.986448334,0.871259176,0.931112366,0.872388481,0.907396951,0.820834729,0.73827792,0.702271687,0.972332016,0.962055336,0.96284585,0.962055336,0.990513834,0.712365895,0.809204399,0.713796937,0.739608245,0.775172506,0.630049121,0.573803085,0.980237154,0.972896669,0.973461321,0.972896669,0.993224167,0.606437041,0.727932421,0.608069241,0.627749108,0.729510283,0.521820322,0.445334482,0.988142292,0.983738001,0.984076793,0.983738001,0.9959345,0.500508187,0.646660442,0.502341544,0.515889971,0.661016949,0.359477124,0.252631579,1,1,1,1,1,0.341614907,0.524752475,0.34375,0.348101266, 
562,760,590,630,642,630,630,634,88,14,20,26,20,20,22,0,48,214,126,174,1,1,1,1,1,1,1,1,1,1,1,1,0.952380952,0.966666667,0.952380952,0.938095238,0.952380952,0.952380952,0.947619048,1,0.923809524,0.938095238,0.933333333,0.985714286,0.950310559,0.992094862,0.988706945,0.985319029,0.988706945,0.988706945,0.98757764,1,0.972896669,0.879164314,0.928853755,0.901750423,0.951581028,0.994466403,0.992094862,0.98972332,0.992094862,0.992094862,0.991304348,1,0.974050924,0.788017759,0.875197628,0.817891963,0.952428007,0.996047431,0.994353473,0.992659514,0.994353473,0.994353473,0.99378882,1,0.974820427,0.72725339,0.839426877,0.761986323,0.953274986,0.997628458,0.996612084,0.995595709,0.996612084,0.996612084,0.996273292,1,0.975589931,0.66648902,0.803656126,0.706080683,0.954545455,1,1,1,1,1,1,1,0.976744186,0.575342466,0.75,0.622222222, 
580,580,468,472,530,530,616,966,0,68,68,54,54,20,130,190,0,68,200,122,1,1,1,0.952095808,0.952095808,0.952095808,0.419161677,0.946107784,1,1,0.934131737,0.97005988,1,0.966666667,0.966666667,0.947619048,0.947619048,0.952380952,0.904761905,0.880952381,1,0.966666667,0.871428571,0.904761905,1,0.961603614,0.961603614,0.969508752,0.969508752,0.988706945,0.926595144,0.89271598,1,0.961603614,0.887069452,0.931112366,1,0.961053564,0.961053564,0.973100571,0.973100571,0.988368154,0.948616601,0.897314979,1,0.961053564,0.880948617,0.920286943,1,0.960686864,0.960686864,0.975495117,0.975495117,0.988142292,0.963297572,0.900380978,1,0.960686864,0.876868059,0.913069995,1,0.960320165,0.960320165,0.977889663,0.977889663,0.987916431,0.977978543,0.903446978,1,0.960320165,0.872787502,0.905853047,1,0.959770115,0.959770115,0.981481481,0.981481481,0.98757764,1,0.908045977,1,0.959770115,0.866666667,0.895027624, 
710,1170,672,744,1096,1038,1100,1066,198,40,70,158,156,164,164,182,124,74,222,108,0.733333333,0.866666667,0.866666667,0.283333333,0.35,0.35,0.35,0.941666667,0.816666667,0.95,1,0.958333333,0.942857143,0.966666667,0.914285714,0.880952381,0.942857143,0.80952381,0.923809524,0.928571429,0.90952381,0.923809524,0.985714286,0.933333333,0.888198758,0.97741389,0.960474308,0.910784867,0.911914173,0.907396951,0.907396951,0.897233202,0.92998306,0.958215697,0.874647092,0.939017504,0.92173913,0.965270804,0.884576914,0.937549407,0.938339921,0.935177866,0.935177866,0.89711086,0.928346633,0.94655744,0.814500155,0.935538059,0.944099379,0.957175414,0.833978651,0.955392434,0.955957086,0.953698475,0.953698475,0.897029299,0.927255681,0.938785268,0.774402198,0.93321843,0.966459627,0.949080023,0.783380388,0.97323546,0.973574252,0.972219085,0.972219085,0.896947738,0.926164729,0.931013096,0.73430424,0.9308988,1,0.936936937,0.707482993,1,1,1,1,0.896825397,0.924528302,0.919354839,0.674157303,0.927419355, 
456,482,470,482,482,600,608,968,10,6,10,10,78,80,158,112,92,20,68,164,1,1,1,1,0.937007874,0.937007874,0.818897638,0.976377953,0.94488189,1,0.937007874,1,0.976190476,0.985714286,0.976190476,0.976190476,0.966666667,0.957142857,0.976190476,0.980952381,0.933333333,0.980952381,0.961904762,0.952380952,0.994353473,0.996612084,0.994353473,0.994353473,0.955957086,0.954827781,0.910784867,0.936758893,0.948051948,0.988706945,0.961603614,0.907396951,0.996047431,0.997628458,0.996047431,0.996047431,0.96916996,0.968379447,0.937549407,0.939700691,0.944886364,0.982934556,0.97312253,0.913280055,0.997176736,0.998306042,0.997176736,0.997176736,0.977978543,0.97741389,0.955392434,0.941661889,0.942775974,0.979086297,0.980801807,0.917202125,0.998306042,0.998983625,0.998306042,0.998306042,0.986787126,0.986448334,0.97323546,0.943623088,0.940665584,0.975238038,0.988481084,0.921124195,1,1,1,1,1,1,1,0.946564885,0.9375,0.969465649,1,0.927007299, 
616,626,602,626,630,670,670,832,40,24,40,20,40,40,90,158,178,78,72,130,1,1,1,1,0.978723404,0.978723404,0.914893617,0.957446809,1,1,0.978723404,1,0.947619048,0.971428571,0.947619048,0.952380952,0.952380952,0.952380952,0.947619048,0.861904762,0.938095238,0.938095238,0.947619048,0.880952381,0.97741389,0.986448334,0.97741389,0.988706945,0.97741389,0.97741389,0.949181254,0.910784867,0.899491813,0.955957086,0.959345003,0.926595144,0.981031829,0.978268936,0.981031829,0.992094862,0.984189723,0.984189723,0.964426877,0.907549407,0.864644269,0.954018445,0.953174155,0.885591391,0.983443787,0.972816004,0.983443787,0.994353473,0.988706945,0.988706945,0.974590627,0.905392434,0.841412573,0.952726018,0.949060257,0.858255555,0.985855746,0.967363072,0.985855746,0.996612084,0.993224167,0.993224167,0.984754376,0.90323546,0.818180877,0.951433591,0.944946358,0.83091972,0.989473684,0.959183673,0.989473684,1,1,1,1,0.9,0.783333333,0.949494949,0.93877551,0.789915966, 
790,692,540,638,706,706,706,914,122,110,130,112,112,112,44,240,142,140,130,138,1,1,0.957746479,1,1,1,1,1,1,1,1,1,0.919047619,0.957142857,0.942857143,0.923809524,0.923809524,0.923809524,0.895238095,0.957142857,0.99047619,0.957142857,0.942857143,0.942857143,0.931112366,0.937888199,0.926595144,0.936758893,0.936758893,0.936758893,0.97515528,0.864483343,0.919819311,0.920948617,0.926595144,0.922077922,0.871366285,0.859378882,0.854677207,0.877606225,0.877606225,0.877606225,0.982608696,0.77154459,0.819906576,0.838300395,0.845838823,0.842676768,0.831535564,0.807039337,0.806731915,0.838171113,0.838171113,0.838171113,0.98757764,0.709585421,0.753298085,0.783201581,0.792001276,0.789742665,0.791704844,0.754699793,0.758786624,0.798736001,0.798736001,0.798736001,0.992546584,0.647626253,0.686689595,0.728102767,0.738163728,0.736808562,0.731958763,0.676190476,0.686868687,0.739583333,0.739583333,0.739583333,1,0.5546875,0.58677686,0.645454545,0.657407407,0.657407407, 
242,290,290,290,290,290,290,668,12,12,12,12,12,12,110,68,88,0,34,52,1,1,1,1,1,1,0.571428571,1,0.928571429,1,0.928571429,1,0.971428571,0.971428571,0.971428571,0.971428571,0.971428571,0.971428571,0.914285714,0.980952381,0.923809524,1,0.952380952,0.947619048,0.993224167,0.993224167,0.993224167,0.993224167,0.993224167,0.993224167,0.937888199,0.961603614,0.950310559,1,0.980801807,0.970638058,0.995256917,0.995256917,0.995256917,0.995256917,0.995256917,0.995256917,0.956521739,0.961357824,0.94666069,1,0.986561265,0.956805131,0.996612084,0.996612084,0.996612084,0.996612084,0.996612084,0.996612084,0.968944099,0.961193964,0.944227444,1,0.990400903,0.94758318,0.99796725,0.99796725,0.99796725,0.99796725,0.99796725,0.99796725,0.98136646,0.961030104,0.941794199,1,0.994240542,0.938361229,1,1,1,1,1,1,1,0.960784314,0.93814433,1,1,0.924528302, 
622,310,294,310,310,310,654,702,110,104,110,110,110,126,138,104,118,142,110,148,0.906542056,0.906542056,0.906542056,0.906542056,0.906542056,0.186915888,0.186915888,0.906542056,0.925233645,0.728971963,0.906542056,0.841121495,0.938095238,0.952380952,0.938095238,0.938095238,0.938095238,0.938095238,0.838095238,0.952380952,0.90952381,0.857142857,0.938095238,0.871428571,0.937888199,0.941276115,0.937888199,0.937888199,0.937888199,0.928853755,0.922077922,0.941276115,0.933370977,0.919819311,0.937888199,0.916431395,0.918683901,0.921055443,0.918683901,0.918683901,0.918683901,0.950197628,0.945454545,0.921055443,0.892875813,0.850953164,0.911784897,0.864642472,0.905881036,0.907574995,0.905881036,0.905881036,0.905881036,0.964426877,0.961038961,0.907574995,0.865879037,0.805042399,0.894382696,0.830116524,0.893078171,0.894094546,0.893078171,0.893078171,0.893078171,0.978656126,0.976623377,0.894094546,0.838882261,0.759131634,0.876980495,0.795590575,0.873873874,0.873873874,0.873873874,0.873873874,0.873873874,1,1,0.873873874,0.798387097,0.690265487,0.850877193,0.743801653, 
592,824,710,664,780,896,926,900,180,114,152,130,146,152,152,140,80,110,158,104,0.745614035,0.736842105,0.736842105,0.596491228,0.307017544,0.570175439,0.570175439,0.815789474,0.780701754,0.736842105,0.815789474,0.736842105,0.923809524,0.919047619,0.938095238,0.89047619,0.876190476,0.904761905,0.904761905,0.933333333,0.857142857,1,0.923809524,0.842857143,0.898362507,0.935629588,0.914172784,0.926595144,0.9175607,0.914172784,0.914172784,0.920948617,0.954827781,0.937888199,0.910784867,0.941276115,0.915370609,0.954940711,0.891920949,0.935940544,0.94229249,0.939920949,0.939920949,0.866092603,0.952422,0.877574371,0.891185771,0.948548453,0.926709343,0.967814794,0.877086392,0.942170811,0.95878035,0.957086392,0.957086392,0.829521927,0.950818146,0.837365152,0.878119706,0.953396678,0.938048078,0.980688876,0.862251835,0.948401078,0.97526821,0.974251835,0.974251835,0.792951252,0.949214292,0.797155933,0.865053642,0.958244904,0.95505618,1,0.84,0.957746479,1,1,1,0.738095238,0.946808511,0.736842105,0.845454545,0.965517241, 
864,824,728,804,844,838,1012,1372,94,144,106,100,90,156,162,298,266,74,54,172,0.943089431,0.943089431,0.861788618,0.861788618,0.861788618,0.487804878,0.788617886,0.926829268,0.983739837,0.959349593,1,0.959349593,0.928571429,0.938095238,0.904761905,0.919047619,0.904761905,0.914285714,0.933333333,0.914285714,0.895238095,0.947619048,0.985714286,0.961904762,0.946922643,0.918690006,0.94014681,0.943534726,0.949181254,0.911914173,0.908526256,0.831733484,0.849802372,0.958215697,0.969508752,0.902879729,0.957761104,0.928328906,0.947193676,0.954918753,0.956169997,0.938339921,0.935968379,0.828256604,0.848707814,0.956234859,0.971513269,0.912968191,0.964986745,0.934754839,0.951891587,0.962508104,0.960829159,0.955957086,0.954263128,0.825938684,0.847978109,0.9549143,0.972849614,0.919693833,0.972212386,0.941180772,0.956589497,0.970097455,0.965488321,0.973574252,0.972557877,0.823620765,0.847248404,0.953593741,0.974185959,0.926419474,0.983050847,0.950819672,0.963636364,0.981481481,0.972477064,1,1,0.820143885,0.846153846,0.951612903,0.976190476,0.936507937, 
470,524,456,524,612,674,600,858,18,68,18,46,98,84,98,132,20,88,142,88,1,1,1,0.865168539,0.460674157,0.494382022,0.797752809,0.91011236,1,1,1,0.797752809,0.957142857,0.980952381,0.957142857,0.947619048,0.942857143,0.957142857,0.895238095,0.966666667,0.980952381,0.957142857,0.980952381,0.957142857,0.989836251,0.961603614,0.989836251,0.974025974,0.944664032,0.95256917,0.944664032,0.925465839,0.988706945,0.950310559,0.919819311,0.950310559,0.992885375,0.960219304,0.992885375,0.981818182,0.961264822,0.966798419,0.961264822,0.920859795,0.979191636,0.937666371,0.841651296,0.921843897,0.994918125,0.959296431,0.994918125,0.987012987,0.972332016,0.976284585,0.972332016,0.917789099,0.972848096,0.929236912,0.789539285,0.902866123,0.996950875,0.958373557,0.996950875,0.992207792,0.983399209,0.985770751,0.983399209,0.914718403,0.966504557,0.920807453,0.737427275,0.883888348,1,0.956989247,1,1,1,1,1,0.91011236,0.956989247,0.908163265,0.659259259,0.855421687, 
670,724,716,724,724,724,966,1196,16,14,16,16,16,116,134,20,288,0,276,86,1,1,1,1,1,0.384615385,0.8,0.961538462,1,1,0.961538462,0.915384615,0.961904762,0.966666667,0.961904762,0.961904762,0.961904762,0.933333333,0.923809524,0.961904762,0.933333333,1,0.957142857,0.914285714,0.990965556,0.992094862,0.990965556,0.990965556,0.990965556,0.934500282,0.924336533,0.988706945,0.837380011,1,0.844155844,0.951439864,0.993675889,0.994466403,0.993675889,0.993675889,0.993675889,0.954150198,0.947035573,0.985063612,0.814236183,1,0.795827124,0.932425816,0.995482778,0.996047431,0.995482778,0.995482778,0.995482778,0.967250141,0.962168267,0.982634723,0.798806965,1,0.763607977,0.919749783,0.997289667,0.997628458,0.997289667,0.997289667,0.997289667,0.980350085,0.97730096,0.980205834,0.783377746,1,0.73138883,0.90707375,1,1,1,1,1,1,1,0.9765625,0.760233918,1,0.683060109,0.888059701, 
338,366,338,366,366,366,366,366,8,0,8,8,8,8,8,0,20,98,130,90,1,1,1,1,1,1,1,1,1,1,1,1,0.980952381,1,0.980952381,0.980952381,0.980952381,0.980952381,0.980952381,1,0.971428571,0.952380952,0.952380952,1,0.995482778,1,0.995482778,0.995482778,0.995482778,0.995482778,0.995482778,1,0.988706945,0.944664032,0.926595144,0.949181254,0.996837945,1,0.996837945,0.996837945,0.996837945,0.996837945,0.996837945,1,0.973538161,0.886884657,0.91891363,0.890046712,0.997741389,1,0.997741389,0.997741389,0.997741389,0.997741389,0.997741389,1,0.963425638,0.848365074,0.913792621,0.850623685,0.998644833,1,0.998644833,0.998644833,0.998644833,0.998644833,0.998644833,1,0.953313114,0.80984549,0.908671613,0.811200657,1,1,1,1,1,1,1,1,0.93814433,0.752066116,0.900990099,0.752066116, 
698,698,456,500,456,698,698,698,0,90,90,90,0,0,0,90,90,152,110,256,1,1,1,1,1,1,1,1,1,1,1,1,1,0.971428571,0.971428571,0.971428571,1,1,1,0.971428571,0.971428571,0.966666667,0.947619048,0.938095238,1,0.949181254,0.949181254,0.949181254,1,1,1,0.949181254,0.949181254,0.914172784,0.937888199,0.855448899,1,0.945870176,0.945870176,0.945870176,1,1,1,0.945870176,0.945870176,0.892698726,0.924168798,0.753927866,1,0.943662792,0.943662792,0.943662792,1,1,1,0.943662792,0.943662792,0.878382688,0.915022531,0.686247177,1,0.941455407,0.941455407,0.941455407,1,1,1,0.941455407,0.941455407,0.86406665,0.905876264,0.618566488,1,0.93814433,0.93814433,0.93814433,1,1,1,0.93814433,0.93814433,0.842592593,0.892156863,0.517045455, 
382,290,290,290,290,290,386,386,20,20,20,20,20,2,2,20,94,40,74,154,1,1,1,1,1,1,1,1,1,1,1,1,0.995238095,0.995238095,0.995238095,0.995238095,0.995238095,0.995238095,0.995238095,0.995238095,0.952380952,0.980952381,0.961904762,0.90952381,0.988706945,0.988706945,0.988706945,0.988706945,0.988706945,0.998870695,0.998870695,0.988706945,0.946922643,0.97741389,0.958215697,0.913043478,0.986325631,0.986325631,0.986325631,0.986325631,0.986325631,0.999209486,0.999209486,0.986325631,0.913665522,0.962371542,0.930073022,0.857701863,0.984738088,0.984738088,0.984738088,0.984738088,0.984738088,0.999435347,0.999435347,0.984738088,0.891494108,0.952343309,0.911311239,0.820807453,0.983150545,0.983150545,0.983150545,0.983150545,0.983150545,0.999661208,0.999661208,0.983150545,0.869322694,0.942315076,0.892549455,0.783913043,0.980769231,0.980769231,0.980769231,0.980769231,0.980769231,1,1,0.980769231,0.836065574,0.927272727,0.86440678,0.728571429, 
480,402,372,402,402,424,732,732,62,68,62,62,76,96,102,80,142,134,86,38,1,1,1,1,0.846153846,0.461538462,0.461538462,0.961538462,1,0.951923077,0.961538462,1,0.966666667,0.980952381,0.966666667,0.966666667,0.980952381,0.980952381,0.871428571,0.942857143,0.961904762,0.928571429,0.919047619,0.985714286,0.96499153,0.961603614,0.96499153,0.96499153,0.957086392,0.945793337,0.942405421,0.954827781,0.919819311,0.924336533,0.951439864,0.978543196,0.967082856,0.962011419,0.967082856,0.967082856,0.969960474,0.962055336,0.959683794,0.929249012,0.922444946,0.919512637,0.946381737,0.976569022,0.968477074,0.962283288,0.968477074,0.968477074,0.978543196,0.972896669,0.97120271,0.912196499,0.92419537,0.916296707,0.943009652,0.975252906,0.969871291,0.962555158,0.969871291,0.969871291,0.987125918,0.983738001,0.982721626,0.895143986,0.925945793,0.913080776,0.939637567,0.973936791,0.971962617,0.962962963,0.971962617,0.971962617,1,1,1,0.869565217,0.928571429,0.908256881,0.934579439,0.971962617, 
1208,1378,920,1058,1460,1460,1450,1498,176,248,242,166,162,162,166,20,214,246,332,396,0.682242991,1,0.85046729,0.635514019,0.635514019,0.635514019,0.682242991,1,1,1,1,1,0.880952381,0.914285714,0.885714286,0.866666667,0.871428571,0.876190476,0.866666667,0.976190476,0.961904762,0.947619048,0.904761905,0.923809524,0.900621118,0.859966121,0.863354037,0.906267645,0.908526256,0.908526256,0.906267645,0.988706945,0.879164314,0.861095426,0.812535291,0.776397516,0.891149068,0.805140842,0.800750704,0.934387352,0.935968379,0.935968379,0.934387352,0.978702005,0.856768403,0.816766798,0.756494002,0.736851755,0.884834369,0.768590655,0.759015148,0.953133823,0.954263128,0.954263128,0.953133823,0.972032044,0.841837796,0.78721438,0.719133142,0.710487914,0.878519669,0.732040469,0.717279592,0.971880294,0.972557877,0.972557877,0.971880294,0.965362084,0.826907189,0.757661961,0.681772283,0.684124074,0.869047619,0.67721519,0.654676259,1,1,1,1,0.955357143,0.804511278,0.713333333,0.625730994,0.644578313, 
980,1396,808,786,1076,1110,1110,1370,264,164,160,186,200,200,210,144,98,234,314,190,0.681318681,0.571428571,0.747252747,0.21978022,0.21978022,0.21978022,0.681318681,0.923076923,0.923076923,0.945054945,1,0.934065934,0.885714286,0.923809524,0.928571429,0.838095238,0.804761905,0.804761905,0.885714286,0.885714286,0.966666667,0.880952381,0.9,0.857142857,0.850931677,0.907396951,0.909655562,0.894974591,0.887069452,0.887069452,0.881422925,0.918690006,0.944664032,0.867871259,0.82269904,0.89271598,0.837210615,0.810458764,0.834817146,0.926482213,0.920948617,0.920948617,0.916996047,0.872173913,0.961264822,0.759274587,0.742352743,0.841002881,0.828063241,0.745833307,0.784924868,0.947487295,0.943534726,0.943534726,0.940711462,0.841163185,0.972332016,0.686876806,0.688788544,0.806527481,0.818915867,0.681207849,0.735032591,0.968492377,0.966120836,0.966120836,0.964426877,0.810152456,0.983399209,0.614479025,0.635224346,0.772052082,0.805194805,0.584269663,0.660194175,1,1,1,1,0.763636364,1,0.505882353,0.554878049,0.720338983, 
862,800,710,772,910,910,910,1200,124,148,154,20,20,20,124,232,184,230,20,196,1,1,1,1,1,1,0.825581395,0.941860465,1,1,1,1,0.952380952,0.961904762,0.938095238,0.952380952,0.952380952,0.952380952,0.895238095,0.928571429,0.942857143,0.957142857,0.980952381,0.928571429,0.92998306,0.916431395,0.913043478,0.988706945,0.988706945,0.988706945,0.92998306,0.869000565,0.896103896,0.87012987,0.988706945,0.889328063,0.86963221,0.852977386,0.852353575,0.992094862,0.992094862,0.992094862,0.950988142,0.835403199,0.81697861,0.812240515,0.978761528,0.793390571,0.82939831,0.810674714,0.81189364,0.994353473,0.994353473,0.994353473,0.96499153,0.813004955,0.764228419,0.773647612,0.97213125,0.729432244,0.78916441,0.768372041,0.771433705,0.996612084,0.996612084,0.996612084,0.978994918,0.790606711,0.711478228,0.735054709,0.965500972,0.665473916,0.728813559,0.704918033,0.710743802,1,1,1,1,0.757009346,0.632352941,0.677165354,0.955555556,0.569536424, 
730,782,712,742,830,1178,1178,1188,16,94,102,154,132,138,124,38,332,0,226,134,1,1,0.891025641,0.833333333,0.647435897,0.647435897,0.775641026,0.929487179,0.929487179,1,0.903846154,0.955128205,0.961904762,0.947619048,0.933333333,0.871428571,0.880952381,0.895238095,0.842857143,0.923809524,0.90952381,1,0.857142857,0.914285714,0.990965556,0.946922643,0.942405421,0.913043478,0.925465839,0.922077922,0.92998306,0.978543196,0.812535291,1,0.872388481,0.924336533,0.993675889,0.95534585,0.945300233,0.923801968,0.947826087,0.945454545,0.950988142,0.963826391,0.811791463,1,0.865491214,0.922961499,0.995482778,0.960961321,0.947230108,0.930974294,0.962732919,0.961038961,0.96499153,0.954015188,0.811295578,1,0.860893036,0.92204481,0.997289667,0.966576793,0.949159982,0.93814662,0.977639752,0.976623377,0.978994918,0.944203984,0.810799693,1,0.856294858,0.92112812,1,0.975,0.952054795,0.948905109,1,1,1,0.929487179,0.810055866,1,0.84939759,0.919753086, 
592,610,496,602,708,764,758,764,148,118,128,48,78,74,78,208,20,160,164,40,1,1,1,1,0.964285714,0.964285714,0.964285714,1,1,1,0.964285714,1,0.919047619,0.971428571,0.928571429,0.885714286,0.861904762,0.871428571,0.861904762,0.947619048,0.971428571,0.947619048,0.923809524,0.957142857,0.916431395,0.933370977,0.927724449,0.972896669,0.955957086,0.958215697,0.955957086,0.88255223,0.988706945,0.909655562,0.907396951,0.97741389,0.854160204,0.84002635,0.867588933,0.981027668,0.96916996,0.970750988,0.96916996,0.794628667,0.963062604,0.773344259,0.765823027,0.942651262,0.812646077,0.7777966,0.827498588,0.986448334,0.977978543,0.979107849,0.977978543,0.736012957,0.945966376,0.682470057,0.671440411,0.919476176,0.77113195,0.715566849,0.787408244,0.991869001,0.986787126,0.987464709,0.986787126,0.677397248,0.928870148,0.591595856,0.577057795,0.89630109,0.708860759,0.622222222,0.727272727,1,1,1,1,0.589473684,0.903225806,0.455284553,0.435483871,0.861538462, 
790,832,764,790,902,1196,1006,1152,72,108,62,44,154,90,98,334,40,196,62,158,0.941747573,0.922330097,0.922330097,0.922330097,0.194174757,0.339805825,0.514563107,0.737864078,1,0.932038835,0.922330097,0.941747573,0.985714286,0.966666667,0.985714286,0.89047619,0.8,0.957142857,0.961904762,0.833333333,0.957142857,0.961904762,0.985714286,0.966666667,0.959345003,0.939017504,0.96499153,0.97515528,0.913043478,0.949181254,0.944664032,0.811405985,0.97741389,0.889328063,0.96499153,0.910784867,0.918151671,0.868423364,0.921183726,0.973425022,0.939130435,0.964426877,0.961264822,0.696074077,0.96008258,0.790950697,0.921183726,0.806735454,0.890689451,0.821360604,0.891978524,0.972271517,0.956521739,0.974590627,0.972332016,0.619186139,0.948528374,0.725365786,0.891978524,0.737369178,0.86322723,0.774297844,0.862773321,0.971118012,0.973913043,0.984754376,0.983399209,0.5422982,0.936974167,0.659780875,0.862773321,0.668002902,0.822033898,0.703703704,0.818965517,0.969387755,1,1,1,0.426966292,0.919642857,0.561403509,0.818965517,0.563953488, 
576,832,520,538,676,832,832,832,164,110,112,68,164,164,164,266,98,68,112,32,0.597315436,0.959731544,0.959731544,0.959731544,0.597315436,0.597315436,0.597315436,0.959731544,0.959731544,0.959731544,0.959731544,0.986577181,0.9,0.919047619,0.923809524,0.957142857,0.9,0.9,0.9,0.923809524,0.938095238,0.957142857,0.923809524,0.971428571,0.907396951,0.937888199,0.936758893,0.961603614,0.907396951,0.907396951,0.907396951,0.849802372,0.944664032,0.961603614,0.936758893,0.981931112,0.935177866,0.942521739,0.941731225,0.97312253,0.935177866,0.935177866,0.935177866,0.842838539,0.947264822,0.966958146,0.936123382,0.987351779,0.953698475,0.945610766,0.945046113,0.980801807,0.953698475,0.953698475,0.953698475,0.838195983,0.948998682,0.970527834,0.935699708,0.990965556,0.972219085,0.948699793,0.948361001,0.988481084,0.972219085,0.972219085,0.972219085,0.833553428,0.950732543,0.974097522,0.935276034,0.994579334,1,0.953333333,0.953333333,1,1,1,1,0.826589595,0.953333333,0.979452055,0.934640523,1, 
734,774,638,666,774,774,914,1382,12,108,122,12,12,112,146,178,204,96,198,58,1,0.943396226,1,1,1,0.405660377,0.688679245,1,0.990566038,1,0.943396226,0.905660377,0.971428571,0.99047619,0.947619048,0.971428571,0.971428571,0.971428571,0.828571429,0.957142857,0.919047619,0.957142857,0.952380952,0.957142857,0.993224167,0.939017504,0.931112366,0.993224167,0.993224167,0.936758893,0.9175607,0.899491813,0.884810841,0.945793337,0.888198758,0.967250141,0.995256917,0.9514299,0.938265143,0.995256917,0.995256917,0.955731225,0.94229249,0.906166008,0.884073471,0.938577075,0.857959603,0.929706678,0.996612084,0.959704831,0.94303366,0.996612084,0.996612084,0.968379447,0.95878035,0.910615471,0.883581891,0.933766234,0.837800166,0.904677702,0.99796725,0.967979761,0.947802178,0.99796725,0.99796725,0.981027668,0.97526821,0.915064935,0.883090311,0.928955392,0.81764073,0.879648727,1,0.980392157,0.954954955,1,1,1,1,0.92173913,0.882352941,0.92173913,0.787401575,0.842105263, 
894,760,662,686,898,958,952,1020,210,202,152,96,140,112,50,164,58,226,248,198,1,1,1,0.761904762,0.630952381,0.761904762,1,1,1,1,1,1,0.90952381,0.938095238,0.976190476,0.961904762,0.90952381,0.923809524,0.880952381,0.961904762,0.961904762,0.957142857,0.919047619,0.938095238,0.881422925,0.885940147,0.914172784,0.945793337,0.920948617,0.936758893,0.971767363,0.907396951,0.967250141,0.872388481,0.859966121,0.888198758,0.841996047,0.857893952,0.886979772,0.962055336,0.944664032,0.955731225,0.980237154,0.884682816,0.950988142,0.801581028,0.831067194,0.807033248,0.815711462,0.839196488,0.868851098,0.972896669,0.960474308,0.968379447,0.985883682,0.86954006,0.94014681,0.754376059,0.811801242,0.752922908,0.789426877,0.820499025,0.850722423,0.983738001,0.976284585,0.981027668,0.991530209,0.854397303,0.929305477,0.70717109,0.792535291,0.698812569,0.75,0.79245283,0.823529412,1,1,1,1,0.831683168,0.913043478,0.636363636,0.763636364,0.617647059, 
294,198,166,198,216,300,504,590,46,38,46,62,80,124,110,54,80,68,38,54,0.894736842,0.894736842,0.894736842,0.757894737,0.757894737,0.589473684,0.210526316,0.757894737,0.947368421,0.915789474,0.894736842,0.757894737,0.933333333,0.952380952,0.933333333,0.90952381,0.923809524,0.904761905,0.833333333,0.942857143,0.952380952,0.942857143,0.952380952,0.942857143,0.974025974,0.978543196,0.974025974,0.96499153,0.954827781,0.92998306,0.937888199,0.969508752,0.954827781,0.961603614,0.978543196,0.969508752,0.911547912,0.914709967,0.911547912,0.883186379,0.88878761,0.878015169,0.956521739,0.886348434,0.918379447,0.896199453,0.914709967,0.886348434,0.86989587,0.872154481,0.86989587,0.828649611,0.844760829,0.843369909,0.968944099,0.830908222,0.894080557,0.852596679,0.872154481,0.830908222,0.828243828,0.829598995,0.828243828,0.774112844,0.800734049,0.808724648,0.98136646,0.77546801,0.869781668,0.808993905,0.829598995,0.77546801,0.765765766,0.765765766,0.765765766,0.692307692,0.734693878,0.756756757,1,0.692307692,0.833333333,0.743589744,0.765765766,0.692307692, 
250,292,270,292,292,292,422,608,14,8,14,14,14,64,94,0,0,38,126,86,1,1,1,1,1,0.580152672,0.847328244,1,1,0.961832061,0.961832061,0.961832061,0.966666667,0.980952381,0.966666667,0.966666667,0.966666667,0.966666667,0.966666667,1,1,0.961904762,0.938095238,0.961904762,0.992094862,0.995482778,0.992094862,0.992094862,0.992094862,0.963862225,0.946922643,1,1,0.978543196,0.928853755,0.951439864,0.994466403,0.996837945,0.994466403,0.994466403,0.994466403,0.974703557,0.96284585,1,1,0.975749468,0.930197628,0.956777136,0.996047431,0.997741389,0.996047431,0.996047431,0.996047431,0.981931112,0.973461321,1,1,0.973886983,0.931093544,0.960335317,0.997628458,0.998644833,0.997628458,0.997628458,0.997628458,0.989158667,0.984076793,1,1,0.972024497,0.93198946,0.963893498,1,1,1,1,1,1,1,1,1,0.969230769,0.933333333,0.969230769, 
484,642,580,618,622,618,618,622,62,30,42,44,42,42,44,60,38,172,194,20,1,1,1,1,1,1,1,1,1,1,1,1,0.895238095,0.928571429,0.9,0.895238095,0.9,0.9,0.895238095,0.942857143,0.942857143,0.942857143,0.919047619,0.966666667,0.96499153,0.983060418,0.976284585,0.97515528,0.976284585,0.976284585,0.97515528,0.966120836,0.978543196,0.902879729,0.890457369,0.988706945,0.971327404,0.988142292,0.983399209,0.982608696,0.983399209,0.983399209,0.982608696,0.932911091,0.941606743,0.866081744,0.776557568,0.965171785,0.975551321,0.991530209,0.988142292,0.98757764,0.988142292,0.988142292,0.98757764,0.910771261,0.916982441,0.841549755,0.700624368,0.949481678,0.979775237,0.994918125,0.992885375,0.992546584,0.992885375,0.992885375,0.992546584,0.888631431,0.89235814,0.817017765,0.624691167,0.933791571,0.986111111,1,1,1,1,1,1,0.855421687,0.855421687,0.78021978,0.510791367,0.91025641, 
998,996,672,702,972,1200,1202,1324,258,194,190,126,156,160,194,218,0,160,324,296,0.927083333,1,0.979166667,0.6875,0.541666667,0.541666667,0.583333333,0.979166667,1,0.927083333,1,1,0.914285714,0.971428571,0.957142857,0.928571429,0.876190476,0.866666667,0.819047619,0.961904762,1,0.914285714,0.90952381,0.919047619,0.854319593,0.890457369,0.89271598,0.928853755,0.911914173,0.909655562,0.890457369,0.876905703,1,0.909655562,0.817052513,0.832862789,0.77368161,0.784214013,0.781567852,0.945720017,0.938339921,0.936758893,0.923320158,0.771375892,1,0.831649404,0.726775469,0.743003953,0.719922955,0.713385109,0.707469101,0.956964191,0.955957086,0.954827781,0.945228684,0.701022684,1,0.779645299,0.666590772,0.683098061,0.666164299,0.642556205,0.633370349,0.968208365,0.973574252,0.972896669,0.967137211,0.630669476,1,0.727641194,0.606406076,0.62319217,0.585526316,0.536312849,0.522222222,0.985074627,1,1,1,0.525139665,1,0.649635036,0.516129032,0.533333333, 
892,1090,744,768,948,1060,1140,1098,216,182,162,186,188,210,192,200,116,246,136,194,0.74015748,0.842519685,0.842519685,0.559055118,0.535433071,0.511811024,0.511811024,0.795275591,0.842519685,0.748031496,0.755905512,0.795275591,0.857142857,0.866666667,0.857142857,0.785714286,0.852380952,0.771428571,0.847619048,0.847619048,0.904761905,0.804761905,0.828571429,0.880952381,0.878035008,0.897233202,0.908526256,0.894974591,0.893845285,0.881422925,0.891586674,0.887069452,0.934500282,0.861095426,0.923207228,0.890457369,0.849624506,0.828688241,0.868577075,0.926482213,0.9256917,0.916996047,0.924110672,0.796093125,0.933280632,0.757658103,0.901112316,0.795479249,0.830684171,0.782991601,0.841944288,0.947487295,0.946922643,0.940711462,0.945793337,0.735442241,0.932467532,0.688699887,0.886382375,0.732160503,0.811743836,0.73729496,0.8153115,0.968492377,0.968153586,0.964426877,0.967476002,0.674791356,0.931654433,0.619741671,0.871652434,0.668841756,0.783333333,0.66875,0.775362319,1,1,1,1,0.583815029,0.930434783,0.516304348,0.849557522,0.573863636, 
476,378,378,378,378,452,452,826,52,52,52,52,82,74,84,70,108,20,180,98,0.954545455,0.954545455,0.954545455,0.954545455,0.772727273,0.818181818,0.863636364,0.954545455,0.954545455,1,0.972727273,1,0.971428571,0.971428571,0.971428571,0.971428571,0.99047619,0.976190476,0.942857143,0.971428571,0.942857143,0.985714286,0.942857143,0.99047619,0.970638058,0.970638058,0.970638058,0.970638058,0.953698475,0.958215697,0.95256917,0.960474308,0.939017504,0.988706945,0.898362507,0.944664032,0.968437466,0.968437466,0.968437466,0.968437466,0.967588933,0.970750988,0.966798419,0.9561158,0.936073315,0.98413026,0.903212729,0.955907679,0.966970405,0.966970405,0.966970405,0.966970405,0.976849238,0.979107849,0.976284585,0.953210127,0.934110522,0.981079136,0.906446211,0.963403444,0.965503344,0.965503344,0.965503344,0.965503344,0.986109543,0.987464709,0.985770751,0.950304455,0.932147729,0.978028013,0.909679692,0.970899209,0.963302752,0.963302752,0.963302752,0.963302752,1,1,1,0.945945946,0.92920354,0.973451327,0.914529915,0.982142857, 
790,808,758,786,792,792,788,792,90,78,84,72,72,70,72,72,252,82,54,330,0.797752809,0.797752809,0.797752809,0.797752809,0.797752809,0.797752809,0.797752809,0.797752809,0.876404494,0.797752809,0.797752809,0.865168539,0.9,0.89047619,0.89047619,0.9,0.9,0.904761905,0.9,0.885714286,0.871428571,0.89047619,0.914285714,0.895238095,0.949181254,0.955957086,0.95256917,0.959345003,0.959345003,0.960474308,0.959345003,0.959345003,0.85770751,0.953698475,0.969508752,0.813664596,0.960260211,0.957007798,0.954636257,0.971541502,0.971541502,0.972332016,0.971541502,0.971541502,0.834395257,0.92734503,0.978656126,0.777673325,0.967646182,0.957708273,0.956014315,0.979672501,0.979672501,0.980237154,0.979672501,0.979672501,0.818853755,0.909776067,0.984754376,0.753679145,0.975032154,0.958408748,0.957392373,0.987803501,0.987803501,0.988142292,0.987803501,0.987803501,0.803312253,0.892207104,0.990852626,0.729684964,0.986111111,0.959459459,0.959459459,1,1,1,1,1,0.78,0.865853659,1,0.693693694, 
764,960,746,784,924,996,990,1100,96,20,32,78,116,116,138,40,118,164,320,122,0.75257732,1,1,0.75257732,0.701030928,0.701030928,0.618556701,0.989690722,1,0.979381443,0.93814433,0.979381443,0.928571429,0.980952381,0.966666667,0.928571429,0.923809524,0.919047619,0.923809524,0.961904762,0.957142857,0.90952381,0.861904762,0.871428571,0.945793337,0.988706945,0.981931112,0.955957086,0.934500282,0.934500282,0.922077922,0.97741389,0.933370977,0.907396951,0.819311124,0.931112366,0.958001282,0.980213674,0.984290554,0.96916996,0.954150198,0.954150198,0.945454545,0.963801374,0.927887986,0.874673664,0.732238717,0.889278656,0.966139912,0.974551492,0.985863515,0.977978543,0.967250141,0.967250141,0.961038961,0.954726363,0.924232658,0.852858139,0.674190446,0.861389516,0.974278542,0.968889311,0.987436477,0.986787126,0.980350085,0.980350085,0.976623377,0.945651352,0.920577331,0.831042615,0.616142174,0.833500376,0.986486486,0.96039604,0.989795918,1,1,1,1,0.932038835,0.91509434,0.798319328,0.529069767,0.791666667, 
440,440,416,440,454,454,454,464,114,104,114,4,4,4,6,182,0,104,134,20,1,1,1,1,1,1,1,1,1,1,1,1,0.99047619,1,0.99047619,0.99047619,0.99047619,0.99047619,0.985714286,0.980952381,1,1,0.99047619,0.99047619,0.935629588,0.941276115,0.935629588,0.997741389,0.997741389,0.997741389,0.996612084,0.897233202,1,0.941276115,0.924336533,0.988706945,0.912083569,0.905468623,0.912083569,0.998418972,0.998418972,0.998418972,0.997628458,0.878063241,1,0.905468623,0.890278816,0.987176829,0.896386222,0.881596962,0.896386222,0.998870695,0.998870695,0.998870695,0.998306042,0.865283267,1,0.881596962,0.867573672,0.986156751,0.880688876,0.8577253,0.880688876,0.999322417,0.999322417,0.999322417,0.998983625,0.852503294,1,0.8577253,0.844868527,0.985136674,0.857142857,0.821917808,0.857142857,1,1,1,1,0.833333333,1,0.821917808,0.810810811,0.983606557, 
558,574,498,514,562,562,562,574,6,98,104,110,110,110,6,110,20,138,192,98,1,1,1,0.596638655,0.596638655,0.596638655,1,1,1,1,1,1,0.985714286,0.99047619,0.976190476,0.985714286,0.985714286,0.985714286,0.985714286,0.976190476,0.976190476,0.938095238,0.885714286,0.99047619,0.996612084,0.944664032,0.941276115,0.937888199,0.937888199,0.937888199,0.996612084,0.937888199,0.988706945,0.922077922,0.891586674,0.944664032,0.997628458,0.956306144,0.953934603,0.956521739,0.956521739,0.956521739,0.997628458,0.944424965,0.979998087,0.915909091,0.851499207,0.956306144,0.998306042,0.964067553,0.962373595,0.968944099,0.968944099,0.968944099,0.998306042,0.948782809,0.974192182,0.911796537,0.824774229,0.964067553,0.998983625,0.971828962,0.970812587,0.98136646,0.98136646,0.98136646,0.998983625,0.953140653,0.968386277,0.907683983,0.798049251,0.971828962,1,0.983471074,0.983471074,1,1,1,1,0.959677419,0.959677419,0.901515152,0.757961783,0.983471074, 
824,1066,656,764,1004,944,1020,1030,180,154,188,86,56,82,80,176,164,216,154,114,0.903614458,1,0.951807229,0.903614458,0.903614458,0.807228916,0.879518072,1,1,1,1,0.951807229,0.923809524,0.947619048,0.919047619,0.852380952,0.923809524,0.880952381,0.919047619,0.952380952,0.980952381,0.938095238,0.957142857,0.942857143,0.898362507,0.913043478,0.893845285,0.951439864,0.968379447,0.953698475,0.954827781,0.900621118,0.907396951,0.878035008,0.913043478,0.935629588,0.853853755,0.82088226,0.7836917,0.966007905,0.977865613,0.967588933,0.968379447,0.796434783,0.804565621,0.784012261,0.909782609,0.937083569,0.824181254,0.759441447,0.710255976,0.975719932,0.984189723,0.976849238,0.97741389,0.726977226,0.736011401,0.721330429,0.907608696,0.938052889,0.794508752,0.698000635,0.636820252,0.985431959,0.990513834,0.986109543,0.986448334,0.657519669,0.667457181,0.658648598,0.905434783,0.93902221,0.75,0.605839416,0.526666667,1,1,1,1,0.553333333,0.56462585,0.56462585,0.902173913,0.94047619, 
678,766,678,700,700,708,700,708,52,0,14,14,18,14,18,44,224,36,170,204,1,1,1,1,1,1,1,1,1,1,1,1,0.966666667,1,0.966666667,0.966666667,0.957142857,0.966666667,0.957142857,0.928571429,0.895238095,0.914285714,0.942857143,0.861904762,0.970638058,1,0.992094862,0.992094862,0.989836251,0.992094862,0.989836251,0.97515528,0.873517787,0.979672501,0.904009034,0.884810841,0.969101813,1,0.994466403,0.994466403,0.992885375,0.994466403,0.992885375,0.967354458,0.765590891,0.985770751,0.78836188,0.812471037,0.968077649,1,0.996047431,0.996047431,0.994918125,0.996047431,0.994918125,0.962153911,0.693639627,0.989836251,0.711263776,0.764244501,0.967053486,1,0.997628458,0.997628458,0.996950875,0.997628458,0.996950875,0.956953364,0.621688363,0.99390175,0.634165673,0.716017965,0.965517241,1,1,1,1,1,1,0.949152542,0.513761468,1,0.518518519,0.643678161, 
772,816,732,790,776,776,776,816,14,80,52,94,94,94,14,366,68,34,88,216,1,0.821428571,1,0.821428571,0.821428571,0.821428571,1,1,1,1,1,1,0.966666667,1,0.957142857,0.966666667,0.966666667,0.966666667,0.966666667,0.880952381,0.980952381,0.961904762,0.966666667,0.923809524,0.992094862,0.954827781,0.970638058,0.946922643,0.946922643,0.946922643,0.992094862,0.793337098,0.961603614,0.980801807,0.950310559,0.878035008,0.994466403,0.968379447,0.969101813,0.96284585,0.96284585,0.96284585,0.994466403,0.677963706,0.95312253,0.981298107,0.931884058,0.809973343,0.996047431,0.97741389,0.968077649,0.973461321,0.973461321,0.973461321,0.996047431,0.601048111,0.947468474,0.981628974,0.919599724,0.7645989,0.997628458,0.986448334,0.967053486,0.984076793,0.984076793,0.984076793,0.997628458,0.524132516,0.941814417,0.98195984,0.90731539,0.719224456,1,1,0.965517241,1,1,1,1,0.408759124,0.933333333,0.98245614,0.888888889,0.651162791, 
476,550,536,540,536,536,536,540,44,24,26,24,24,24,26,78,40,58,242,58,1,1,1,1,1,1,1,1,1,1,1,1,0.938095238,0.942857143,0.938095238,0.942857143,0.942857143,0.942857143,0.938095238,0.914285714,0.942857143,0.938095238,0.895238095,0.919047619,0.97515528,0.986448334,0.985319029,0.986448334,0.986448334,0.986448334,0.985319029,0.955957086,0.97741389,0.967250141,0.863354037,0.967250141,0.977345538,0.990513834,0.98972332,0.990513834,0.990513834,0.990513834,0.98972332,0.896196988,0.931248547,0.92055336,0.791014493,0.907212085,0.97880571,0.993224167,0.992659514,0.993224167,0.993224167,0.993224167,0.992659514,0.856356922,0.900471651,0.889422172,0.74278813,0.867186714,0.980265882,0.9959345,0.995595709,0.9959345,0.9959345,0.9959345,0.995595709,0.816516856,0.869694755,0.858290984,0.694561767,0.827161344,0.98245614,1,1,1,1,1,1,0.756756757,0.823529412,0.811594203,0.622222222,0.767123288, 
368,392,364,392,402,402,680,870,8,20,8,28,28,124,134,20,164,144,20,20,1,1,1,0.777777778,0.777777778,0.37037037,0.24691358,0.938271605,0.938271605,0.938271605,0.777777778,1,0.980952381,0.980952381,0.980952381,0.961904762,0.961904762,0.961904762,0.952380952,0.980952381,0.966666667,0.942857143,0.980952381,0.980952381,0.995482778,0.988706945,0.995482778,0.984189723,0.984189723,0.92998306,0.924336533,0.988706945,0.907396951,0.918690006,0.988706945,0.988706945,0.996837945,0.977977215,0.996837945,0.984245306,0.984245306,0.950988142,0.947035573,0.977094862,0.813302866,0.902173913,0.987407362,0.977977215,0.997741389,0.970824061,0.997741389,0.984282362,0.984282362,0.96499153,0.962168267,0.969353473,0.750573475,0.891163185,0.986540973,0.970824061,0.998644833,0.963670907,0.998644833,0.984319417,0.984319417,0.978994918,0.97730096,0.961612084,0.687844085,0.880152456,0.985674584,0.963670907,1,0.952941176,1,0.984375,0.984375,1,1,0.95,0.59375,0.863636364,0.984375,0.952941176, 
606,404,388,404,404,404,404,696,112,106,112,112,112,112,156,104,152,90,90,170,0.916666667,0.916666667,0.916666667,0.916666667,0.916666667,0.916666667,0.722222222,0.916666667,0.888888889,0.916666667,0.916666667,0.909722222,0.90952381,0.923809524,0.90952381,0.90952381,0.90952381,0.90952381,0.876190476,0.933333333,0.90952381,0.928571429,0.928571429,0.928571429,0.936758893,0.94014681,0.936758893,0.936758893,0.936758893,0.936758893,0.911914173,0.941276115,0.914172784,0.949181254,0.949181254,0.904009034,0.955731225,0.958102767,0.955731225,0.955731225,0.955731225,0.955731225,0.938339921,0.954415669,0.908452417,0.957760211,0.957760211,0.861294696,0.968379447,0.970073405,0.968379447,0.968379447,0.968379447,0.968379447,0.955957086,0.963175371,0.904638839,0.963479516,0.963479516,0.832818471,0.981027668,0.982044043,0.981027668,0.981027668,0.981027668,0.981027668,0.973574252,0.971935073,0.900825262,0.969198821,0.969198821,0.804342245,1,1,1,1,1,1,1,0.985074627,0.895104895,0.977777778,0.977777778,0.761627907, 
342,390,308,308,390,692,672,1074,72,54,54,72,134,134,218,120,54,54,114,0,0.813953488,0.813953488,0.813953488,0.813953488,0.15503876,0.15503876,0.15503876,0.697674419,0.813953488,0.813953488,0.875968992,1,0.928571429,0.928571429,0.928571429,0.928571429,0.961904762,0.819047619,0.476190476,0.966666667,0.928571429,0.928571429,0.947619048,1,0.959345003,0.969508752,0.969508752,0.959345003,0.924336533,0.924336533,0.876905703,0.932241671,0.969508752,0.969508752,0.935629588,1,0.915727548,0.910273774,0.910273774,0.915727548,0.947035573,0.947035573,0.913833992,0.87756917,0.910273774,0.910273774,0.883994766,1,0.886649246,0.870783788,0.870783788,0.886649246,0.962168267,0.962168267,0.938452851,0.841120836,0.870783788,0.870783788,0.849571551,1,0.857570943,0.831293802,0.831293802,0.857570943,0.97730096,0.97730096,0.963071711,0.804672501,0.831293802,0.831293802,0.815148336,1,0.813953488,0.772058824,0.772058824,0.813953488,1,1,1,0.75,0.772058824,0.772058824,0.763513514,1, 
722,786,658,744,826,862,908,862,124,104,138,36,40,56,40,168,104,250,58,142,1,0.984126984,1,1,0.888888889,0.888888889,0.888888889,0.984126984,1,0.984126984,0.984126984,0.984126984,0.952380952,0.928571429,0.952380952,0.919047619,0.952380952,0.880952381,0.952380952,0.90952381,1,0.933333333,0.957142857,0.928571429,0.92998306,0.941276115,0.922077922,0.979672501,0.97741389,0.968379447,0.97741389,0.90513834,0.941276115,0.858836815,0.967250141,0.919819311,0.917185325,0.870256917,0.784425134,0.981083251,0.984189723,0.977865613,0.984189723,0.769363261,0.829163551,0.704519104,0.935408432,0.865302089,0.908653502,0.822910785,0.692656608,0.982023751,0.988706945,0.984189723,0.988706945,0.678846542,0.754421841,0.60164063,0.914180626,0.828957275,0.900121679,0.775564653,0.600888083,0.98296425,0.993224167,0.990513834,0.993224167,0.588329823,0.679680132,0.498762156,0.89295282,0.79261246,0.887323944,0.704545455,0.463235294,0.984375,1,1,1,0.452554745,0.567567568,0.344444444,0.861111111,0.738095238, 
644,1426,712,788,970,970,986,1074,274,68,66,144,144,160,172,68,74,218,40,244,0.627906977,0.941860465,0.941860465,0.418604651,0.418604651,0.372093023,0.441860465,0.906976744,0.906976744,0.930232558,0.860465116,0.965116279,0.880952381,0.895238095,0.866666667,0.847619048,0.866666667,0.857142857,0.857142857,0.942857143,0.9,0.871428571,0.947619048,0.923809524,0.84528515,0.961603614,0.962732919,0.918690006,0.918690006,0.909655562,0.902879729,0.961603614,0.958215697,0.876905703,0.97741389,0.862224732,0.886245059,0.962408244,0.966684128,0.943083004,0.943083004,0.936758893,0.93201581,0.904805698,0.904750988,0.834017478,0.954921431,0.751771598,0.913551666,0.962944664,0.969318267,0.959345003,0.959345003,0.954827781,0.951439864,0.866940421,0.869107849,0.805425329,0.939926457,0.678136175,0.940858272,0.963481084,0.971952406,0.975607002,0.975607002,0.972896669,0.970863919,0.829075144,0.833464709,0.776833179,0.924931484,0.604500753,0.981818182,0.964285714,0.975903614,1,1,1,1,0.772277228,0.78,0.733944954,0.902439024,0.494047619, 
732,812,696,730,826,826,824,828,96,140,94,80,80,56,58,178,244,90,44,176,1,1,1,0.957746479,0.957746479,1,1,1,1,1,1,1,0.857142857,0.895238095,0.861904762,0.857142857,0.857142857,0.866666667,0.861904762,0.942857143,0.876190476,0.914285714,0.90952381,0.880952381,0.945793337,0.920948617,0.946922643,0.954827781,0.954827781,0.968379447,0.967250141,0.899491813,0.862224732,0.949181254,0.97515528,0.900621118,0.953836158,0.917740955,0.922601947,0.968379447,0.968379447,0.977865613,0.977075099,0.886270775,0.792052887,0.917998306,0.952228949,0.854645309,0.959198038,0.915602513,0.906388151,0.97741389,0.97741389,0.984189723,0.983625071,0.87745675,0.745271658,0.897209674,0.936944728,0.82399477,0.964559919,0.913464072,0.890174354,0.986448334,0.986448334,0.990513834,0.990175042,0.868642724,0.698490428,0.876421043,0.921660508,0.79334423,0.97260274,0.91025641,0.865853659,1,1,1,1,0.855421687,0.628318584,0.845238095,0.898734177,0.747368421, 
430,182,182,182,182,182,182,850,68,68,68,68,68,68,184,90,92,68,68,112,0.854545455,0.854545455,0.854545455,0.854545455,0.854545455,0.854545455,0.509090909,0.854545455,0.842424242,0.854545455,0.854545455,0.83030303,0.885714286,0.885714286,0.885714286,0.885714286,0.885714286,0.885714286,0.742857143,0.876190476,0.866666667,0.885714286,0.885714286,0.895238095,0.961603614,0.961603614,0.961603614,0.961603614,0.961603614,0.961603614,0.896103896,0.949181254,0.948051948,0.961603614,0.961603614,0.936758893,0.949593118,0.949593118,0.949593118,0.949593118,0.949593118,0.949593118,0.927272727,0.937330103,0.917904656,0.949593118,0.949593118,0.90183901,0.941586121,0.941586121,0.941586121,0.941586121,0.941586121,0.941586121,0.948051948,0.929429336,0.897806462,0.941586121,0.941586121,0.878559087,0.933579123,0.933579123,0.933579123,0.933579123,0.933579123,0.933579123,0.968831169,0.92152857,0.877708267,0.933579123,0.933579123,0.855279165,0.921568627,0.921568627,0.921568627,0.921568627,0.921568627,0.921568627,1,0.909677419,0.847560976,0.921568627,0.921568627,0.820359281, 
540,574,512,540,540,540,540,574,10,90,100,100,100,100,10,80,152,196,32,80,1,1,0.684210526,0.684210526,0.684210526,0.684210526,1,1,1,1,1,1,0.976190476,0.952380952,0.976190476,0.976190476,0.976190476,0.976190476,0.976190476,0.976190476,0.976190476,0.957142857,0.947619048,0.976190476,0.994353473,0.949181254,0.943534726,0.943534726,0.943534726,0.943534726,0.994353473,0.954827781,0.914172784,0.889328063,0.981931112,0.954827781,0.996047431,0.949426877,0.960474308,0.960474308,0.960474308,0.960474308,0.996047431,0.953379447,0.881446372,0.856136202,0.972351779,0.953379447,0.997176736,0.949590627,0.971767363,0.971767363,0.971767363,0.971767363,0.997176736,0.95241389,0.859628765,0.834008294,0.965965556,0.95241389,0.998306042,0.949754376,0.983060418,0.983060418,0.983060418,0.983060418,0.998306042,0.951448334,0.837811157,0.811880386,0.959579334,0.951448334,1,0.95,1,1,1,1,1,0.95,0.805084746,0.778688525,0.95,0.95, 
704,842,592,592,868,876,868,876,98,106,106,104,104,104,104,32,214,218,90,150,0.730769231,0.915384615,0.915384615,0.707692308,0.707692308,0.707692308,0.707692308,0.915384615,0.976923077,1,1,0.907692308,0.938095238,0.961904762,0.961904762,0.923809524,0.938095238,0.923809524,0.938095238,0.980952381,0.89047619,0.933333333,0.966666667,0.928571429,0.944664032,0.94014681,0.94014681,0.941276115,0.941276115,0.941276115,0.941276115,0.981931112,0.879164314,0.876905703,0.949181254,0.915302089,0.961264822,0.9414361,0.9414361,0.958893281,0.958893281,0.958893281,0.958893281,0.987351779,0.86941502,0.884667325,0.94909841,0.913019155,0.972332016,0.942295627,0.942295627,0.970638058,0.970638058,0.970638058,0.970638058,0.990965556,0.86291549,0.88984174,0.949043182,0.911497198,0.983399209,0.943155154,0.943155154,0.982382835,0.982382835,0.982382835,0.982382835,0.994579334,0.856415961,0.895016155,0.948987953,0.909975242,1,0.944444444,0.944444444,1,1,1,1,1,0.846666667,0.902777778,0.948905109,0.907692308, 
924,1118,910,1096,1104,1102,1228,1328,84,44,64,64,62,132,120,242,88,20,352,222,0.963855422,1,0.963855422,0.927710843,0.927710843,0.638554217,0.855421687,0.927710843,0.963855422,1,1,0.963855422,0.880952381,0.928571429,0.885714286,0.880952381,0.885714286,0.876190476,0.876190476,0.928571429,0.89047619,0.966666667,0.923809524,0.933333333,0.95256917,0.97515528,0.963862225,0.963862225,0.96499153,0.925465839,0.932241671,0.863354037,0.950310559,0.988706945,0.801242236,0.874647092,0.955955045,0.944713959,0.967386484,0.974703557,0.975494071,0.947826087,0.95256917,0.793692088,0.905217391,0.968761528,0.69546416,0.832436451,0.958212296,0.924419745,0.96973599,0.981931112,0.982495765,0.962732919,0.966120836,0.747250789,0.87515528,0.955464584,0.624945442,0.804296023,0.960469546,0.904125531,0.972085497,0.989158667,0.989497459,0.977639752,0.979672501,0.70080949,0.845093168,0.942167639,0.554426725,0.776155596,0.963855422,0.873684211,0.975609756,1,1,1,1,0.631147541,0.8,0.922222222,0.448648649,0.733944954, 
368,368,368,368,368,368,368,368,0,0,0,0,0,0,0,20,20,90,200,38,1,1,1,1,1,1,1,1,1,1,1,1,1,1,1,1,1,1,1,0.976190476,0.985714286,0.928571429,0.952380952,0.980952381,1,1,1,1,1,1,1,0.988706945,0.988706945,0.949181254,0.887069452,0.978543196,1,1,1,1,1,1,1,0.97235802,0.979932699,0.937503801,0.781098993,0.968980237,1,1,1,1,1,1,1,0.961458736,0.974083202,0.929718832,0.710452019,0.962604931,1,1,1,1,1,1,1,0.950559452,0.968233705,0.921933863,0.639805046,0.956229625,1,1,1,1,1,1,1,0.934210526,0.959459459,0.91025641,0.533834586,0.946666667, 
638,704,644,686,688,684,748,832,36,4,18,20,18,36,72,20,20,236,288,74,0.98019802,1,1,1,1,0.861386139,0.940594059,1,0.98019802,0.99009901,1,1,0.942857143,0.99047619,0.957142857,0.952380952,0.957142857,0.952380952,0.957142857,0.99047619,0.980952381,0.919047619,0.938095238,0.914285714,0.979672501,0.997741389,0.989836251,0.988706945,0.989836251,0.979672501,0.959345003,0.988706945,0.988706945,0.866741954,0.837380011,0.958215697,0.979830157,0.998418972,0.992885375,0.992094862,0.992885375,0.985770751,0.971541502,0.986269619,0.986154268,0.777173913,0.756390727,0.959322417,0.979935261,0.998870695,0.994918125,0.994353473,0.994918125,0.989836251,0.979672501,0.984644735,0.984452483,0.717461886,0.702397871,0.96006023,0.980040364,0.999322417,0.996950875,0.996612084,0.996950875,0.99390175,0.987803501,0.983019851,0.982750697,0.657749859,0.648405015,0.960798043,0.98019802,1,1,1,1,1,1,0.980582524,0.98019802,0.568181818,0.56741573,0.961904762, 
778,686,584,610,694,786,772,946,120,98,100,114,130,126,158,142,158,130,294,54,0.884615385,0.938461538,0.930769231,0.838461538,0.853846154,0.384615385,0.8,0.923076923,0.923076923,0.923076923,0.884615385,0.953846154,0.895238095,0.919047619,0.904761905,0.885714286,0.914285714,0.928571429,0.880952381,0.938095238,0.923809524,0.90952381,0.885714286,0.971428571,0.932241671,0.944664032,0.943534726,0.935629588,0.926595144,0.928853755,0.910784867,0.919819311,0.910784867,0.926595144,0.833992095,0.969508752,0.94006917,0.940654135,0.944068058,0.946904997,0.948616601,0.950197628,0.937549407,0.918682678,0.906206124,0.927686368,0.780937324,0.978656126,0.945287502,0.937980871,0.944423613,0.954421937,0.963297572,0.964426877,0.955392434,0.917924923,0.903153628,0.928413851,0.745567476,0.984754376,0.950505835,0.935307606,0.944779168,0.961938876,0.977978543,0.978656126,0.97323546,0.917167167,0.900101132,0.929141334,0.710197628,0.990852626,0.958333333,0.93129771,0.9453125,0.973214286,1,1,1,0.916030534,0.895522388,0.930232558,0.657142857,1, 
788,748,634,702,762,782,752,884,82,90,112,64,112,102,42,222,20,136,162,248,1,1,1,0.947368421,0.736842105,0.736842105,1,1,1,1,1,1,0.928571429,0.957142857,0.923809524,0.923809524,0.923809524,0.947619048,0.9,0.947619048,0.976190476,0.947619048,0.933333333,0.928571429,0.953698475,0.949181254,0.936758893,0.963862225,0.936758893,0.942405421,0.976284585,0.874647092,0.988706945,0.923207228,0.908526256,0.859966121,0.939017504,0.925894767,0.929769687,0.9619376,0.955731225,0.959683794,0.983399209,0.853778388,0.977094862,0.889834803,0.869574937,0.782356031,0.92923019,0.910370443,0.925110216,0.960654517,0.968379447,0.97120271,0.988142292,0.839865919,0.969353473,0.86758652,0.84360739,0.730615972,0.919442876,0.894846119,0.920450745,0.959371433,0.981027668,0.982721626,0.992885375,0.82595345,0.961612084,0.845338237,0.817639844,0.678875912,0.904761905,0.871559633,0.913461538,0.957446809,1,1,1,0.805084746,0.95,0.811965812,0.778688525,0.601265823, 
456,446,358,376,446,446,706,898,72,40,58,72,72,108,120,136,142,38,68,72,0.946969697,0.954545455,0.946969697,0.946969697,0.946969697,0.522727273,0.840909091,0.946969697,0.909090909,0.954545455,0.931818182,0.954545455,0.966666667,0.971428571,0.961904762,0.966666667,0.966666667,0.90952381,0.904761905,0.9,0.923809524,0.961904762,0.961904762,0.961904762,0.959345003,0.97741389,0.967250141,0.959345003,0.959345003,0.939017504,0.932241671,0.923207228,0.919819311,0.978543196,0.961603614,0.959345003,0.966817093,0.979502223,0.963334641,0.966817093,0.966817093,0.957312253,0.95256917,0.9013471,0.920796595,0.980292737,0.96140378,0.953631054,0.971798486,0.980894445,0.960724307,0.971798486,0.971798486,0.969508752,0.966120836,0.886773682,0.921448117,0.981459098,0.961270557,0.949821755,0.976779879,0.982286667,0.958113974,0.976779879,0.976779879,0.981705251,0.979672501,0.872200264,0.922099639,0.982625459,0.961137334,0.946012456,0.984251969,0.984375,0.954198473,0.984251969,0.984251969,1,1,0.850340136,0.923076923,0.984375,0.9609375,0.940298507, 
644,750,474,632,544,718,544,750,102,80,104,92,58,92,102,80,90,160,234,80,0.931623932,0.931623932,0.811965812,0.418803419,0.863247863,0.418803419,0.931623932,0.931623932,0.931623932,0.931623932,0.948717949,0.931623932,0.952380952,0.933333333,0.933333333,0.952380952,0.952380952,0.952380952,0.952380952,0.933333333,0.947619048,0.895238095,0.895238095,0.933333333,0.942405421,0.954827781,0.941276115,0.948051948,0.967250141,0.948051948,0.942405421,0.954827781,0.949181254,0.909655562,0.867871259,0.954827781,0.921283794,0.917997767,0.896393281,0.88979021,0.977075099,0.88979021,0.921283794,0.917997767,0.919895627,0.872010692,0.840377014,0.917997767,0.90720271,0.893444425,0.866471391,0.850949051,0.983625071,0.850949051,0.90720271,0.893444425,0.900371877,0.846914112,0.822047518,0.893444425,0.893121626,0.868891082,0.836549501,0.812107892,0.990175042,0.812107892,0.893121626,0.868891082,0.880848126,0.821817532,0.803718021,0.868891082,0.872,0.832061069,0.791666667,0.753846154,1,0.753846154,0.872,0.832061069,0.8515625,0.784172662,0.776223776,0.832061069, 
508,406,402,402,406,402,572,558,124,126,126,128,126,128,130,100,110,110,80,108,0.887850467,0.887850467,0.887850467,0.887850467,0.887850467,0.579439252,0.579439252,0.859813084,0.887850467,0.887850467,0.887850467,0.887850467,0.9,0.904761905,0.904761905,0.9,0.904761905,0.847619048,0.9,0.933333333,0.942857143,0.89047619,0.919047619,0.919047619,0.92998306,0.928853755,0.928853755,0.927724449,0.928853755,0.927724449,0.926595144,0.943534726,0.937888199,0.937888199,0.954827781,0.939017504,0.880826852,0.881904946,0.881904946,0.881114432,0.881904946,0.949407115,0.948616601,0.904722096,0.888229056,0.869208306,0.891035697,0.879968503,0.848056046,0.850605739,0.850605739,0.850041087,0.850605739,0.963862225,0.963297572,0.878847009,0.855122961,0.823421711,0.84850764,0.840602502,0.815285241,0.819306533,0.819306533,0.818967741,0.819306533,0.978317335,0.977978543,0.852971922,0.822016866,0.777635116,0.805979584,0.801236501,0.766129032,0.772357724,0.772357724,0.772357724,0.772357724,1,1,0.814159292,0.772357724,0.708955224,0.7421875,0.7421875, 
222,274,222,274,274,274,400,574,28,0,28,28,28,58,88,20,22,86,72,22,0.956043956,1,0.956043956,0.956043956,0.956043956,0.615384615,0.78021978,1,0.945054945,0.956043956,1,0.945054945,0.980952381,1,0.980952381,0.980952381,0.980952381,0.980952381,0.904761905,0.980952381,0.971428571,0.919047619,0.933333333,0.971428571,0.984189723,1,0.984189723,0.984189723,0.984189723,0.967250141,0.950310559,0.988706945,0.98757764,0.951439864,0.959345003,0.98757764,0.988932806,1,0.988932806,0.988932806,0.988932806,0.977075099,0.965217391,0.979463283,0.991304348,0.940744747,0.950112931,0.991304348,0.992094862,1,0.992094862,0.992094862,0.992094862,0.983625071,0.97515528,0.973300841,0.99378882,0.933614669,0.943958216,0.99378882,0.995256917,1,0.995256917,0.995256917,0.995256917,0.990175042,0.985093168,0.967138399,0.996273292,0.926484591,0.937803501,0.996273292,1,1,1,1,1,1,1,0.957894737,1,0.915789474,0.928571429,1, 
768,828,680,716,802,786,1044,1194,168,98,112,68,64,136,124,94,106,224,256,88,0.902654867,0.946902655,0.946902655,0.89380531,0.89380531,0.575221239,0.840707965,0.85840708,0.946902655,0.840707965,0.955752212,1,0.928571429,0.966666667,0.933333333,0.90952381,0.928571429,0.919047619,0.90952381,0.90952381,0.952380952,0.957142857,0.923809524,0.976190476,0.90513834,0.944664032,0.936758893,0.961603614,0.963862225,0.923207228,0.92998306,0.946922643,0.94014681,0.873517787,0.855448899,0.950310559,0.904393298,0.935623796,0.9300902,0.967297287,0.968878315,0.946245059,0.950988142,0.915889328,0.910858672,0.821021274,0.822262505,0.93426501,0.903896604,0.929596973,0.925644404,0.971093069,0.972222375,0.961603614,0.96499153,0.895200452,0.891333247,0.786023599,0.800138243,0.923567978,0.903399909,0.92357015,0.921198608,0.974888851,0.975566434,0.976962168,0.978994918,0.874511575,0.871807822,0.751025924,0.77801398,0.912870945,0.902654867,0.914529915,0.914529915,0.980582524,0.980582524,1,1,0.843478261,0.842519685,0.698529412,0.744827586,0.896825397, 
912,1116,672,684,1118,1040,1064,1068,192,170,174,208,170,178,178,38,54,272,262,286,0.641304348,0.869565217,0.869565217,0.608695652,0.608695652,0.608695652,0.608695652,0.869565217,0.869565217,1,0.891304348,0.869565217,0.89047619,0.919047619,0.919047619,0.8,0.89047619,0.871428571,0.857142857,0.942857143,0.928571429,0.952380952,0.852380952,0.833333333,0.891586674,0.904009034,0.901750423,0.88255223,0.904009034,0.899491813,0.899491813,0.978543196,0.969508752,0.846414455,0.852060982,0.838509317,0.83996433,0.824806324,0.784091538,0.917786561,0.932806324,0.929644269,0.929644269,0.984980237,0.954518195,0.75484306,0.742004818,0.734195786,0.805549435,0.772004517,0.705652282,0.941276115,0.952004517,0.949745906,0.949745906,0.989271598,0.944524491,0.693795463,0.668634042,0.664653431,0.771134539,0.71920271,0.627213025,0.964765669,0.97120271,0.969847544,0.969847544,0.993562959,0.934530787,0.632747866,0.595263265,0.595111077,0.719512195,0.64,0.50955414,1,1,1,1,1,0.91954023,0.541176471,0.485207101,0.490797546, 
556,556,390,432,390,556,556,556,0,80,80,80,0,0,0,246,0,118,100,92,1,1,1,1,1,1,1,1,1,1,1,1,1,0.976190476,0.976190476,0.976190476,1,1,1,0.947619048,1,0.961904762,0.957142857,0.947619048,1,0.954827781,0.954827781,0.954827781,1,1,1,0.861095426,1,0.933370977,0.943534726,0.948051948,1,0.954360755,0.954360755,0.954360755,1,1,1,0.873563259,1,0.931541502,0.936149984,0.949617672,1,0.954049404,0.954049404,0.954049404,1,1,1,0.881875147,1,0.930321852,0.931226823,0.950661488,1,0.953738054,0.953738054,0.953738054,1,1,1,0.890187035,1,0.929102202,0.926303661,0.951705304,1,0.953271028,0.953271028,0.953271028,1,1,1,0.902654867,1,0.927272727,0.918918919,0.953271028, 
812,1048,706,784,974,1260,1234,1244,184,118,116,116,202,214,202,152,116,298,116,130,0.657142857,0.978571429,0.914285714,0.478571429,0.464285714,0.4,0.464285714,0.971428571,0.857142857,0.828571429,0.885714286,1,0.947619048,0.938095238,0.89047619,0.938095238,0.9,0.90952381,0.938095238,0.966666667,0.89047619,0.938095238,0.90952381,0.966666667,0.896103896,0.933370977,0.934500282,0.934500282,0.885940147,0.879164314,0.885940147,0.914172784,0.934500282,0.831733484,0.934500282,0.926595144,0.920889749,0.916821222,0.918977784,0.954150198,0.920158103,0.91541502,0.920158103,0.896524722,0.905898449,0.823880105,0.907211422,0.934330887,0.93741365,0.905788053,0.908629452,0.967250141,0.942970073,0.939582157,0.942970073,0.884759348,0.886830561,0.81864452,0.889018849,0.939488048,0.953937552,0.894754883,0.898281119,0.980350085,0.965782044,0.963749294,0.965782044,0.872993973,0.867762672,0.813408934,0.870826275,0.94464521,0.978723404,0.878205128,0.882758621,1,1,1,1,0.855345912,0.839160839,0.805555556,0.843537415,0.952380952, 
534,400,298,400,414,528,546,706,106,90,106,98,120,126,80,94,68,100,174,98,0.857142857,0.857142857,0.857142857,0.866071429,0.517857143,0.517857143,0.839285714,0.866071429,0.839285714,0.901785714,0.839285714,0.839285714,0.904761905,0.914285714,0.904761905,0.9,0.919047619,0.90952381,0.904761905,0.9,0.904761905,0.933333333,0.9,0.933333333,0.94014681,0.949181254,0.94014681,0.944664032,0.932241671,0.928853755,0.954827781,0.946922643,0.961603614,0.943534726,0.901750423,0.944664032,0.924769433,0.931093544,0.924769433,0.94655894,0.95256917,0.950197628,0.968379447,0.929818327,0.949593118,0.926263782,0.880782819,0.93773541,0.914517849,0.919035071,0.914517849,0.947822212,0.966120836,0.964426877,0.97741389,0.91841545,0.941586121,0.914749819,0.866804415,0.93311633,0.904266265,0.906976598,0.904266265,0.949085484,0.979672501,0.978656126,0.986448334,0.907012573,0.933579123,0.903235856,0.852826012,0.928497249,0.888888889,0.888888889,0.888888889,0.950980392,1,1,1,0.889908257,0.921568627,0.885964912,0.831858407,0.921568627, 
798,786,596,596,850,850,876,908,172,212,212,24,24,34,38,216,216,194,138,34,1,1,1,1,1,1,1,1,1,1,1,1,0.919047619,0.919047619,0.919047619,0.942857143,0.942857143,0.919047619,0.90952381,0.919047619,0.919047619,0.928571429,0.99047619,0.957142857,0.902879729,0.880293619,0.880293619,0.986448334,0.986448334,0.980801807,0.978543196,0.878035008,0.878035008,0.890457369,0.922077922,0.980801807,0.83361581,0.771761089,0.771761089,0.990513834,0.990513834,0.986561265,0.984980237,0.774118177,0.774118177,0.79474873,0.887762238,0.976216437,0.787439864,0.699406069,0.699406069,0.993224167,0.993224167,0.990400903,0.989271598,0.704840289,0.704840289,0.73094297,0.864885115,0.973159524,0.741263919,0.627051049,0.627051049,0.9959345,0.9959345,0.994240542,0.993562959,0.635562401,0.635562401,0.667137211,0.842007992,0.970102611,0.672,0.518518519,0.518518519,1,1,1,1,0.53164557,0.53164557,0.571428571,0.807692308,0.965517241, 
482,716,442,540,860,850,798,916,124,54,80,130,144,126,128,80,54,116,108,124,0.921052632,0.921052632,0.868421053,0.473684211,0.394736842,0.5,0.631578947,0.960526316,0.921052632,0.763157895,0.736842105,0.921052632,0.938095238,0.971428571,0.928571429,0.942857143,0.933333333,0.871428571,0.866666667,0.980952381,0.971428571,0.961904762,0.880952381,0.928571429,0.92998306,0.969508752,0.954827781,0.926595144,0.918690006,0.928853755,0.927724449,0.954827781,0.969508752,0.934500282,0.939017504,0.92998306,0.863109354,0.861264822,0.846757825,0.948616601,0.943083004,0.950197628,0.949407115,0.85241306,0.861264822,0.837308092,0.932722089,0.820342981,0.818526884,0.789102202,0.774711188,0.963297572,0.959345003,0.964426877,0.963862225,0.78413658,0.789102202,0.772513299,0.928525146,0.747249595,0.773944413,0.716939582,0.70266455,0.977978543,0.975607002,0.978656126,0.978317335,0.715860099,0.716939582,0.707718506,0.924328202,0.674156208,0.707070707,0.608695652,0.594594595,1,1,1,1,0.613445378,0.608695652,0.610526316,0.918032787,0.564516129, 
250,250,250,250,250,250,250,250,0,0,0,0,0,0,0,80,54,38,58,20,1,1,1,1,1,1,1,1,1,1,1,1,1,1,1,1,1,1,1,0.976190476,0.938095238,0.957142857,0.985714286,0.980952381,1,1,1,1,1,1,1,0.954827781,0.969508752,0.978543196,0.967250141,0.988706945,1,1,1,1,1,1,1,0.951525514,0.958656126,0.981450825,0.966730271,0.978458498,1,1,1,1,1,1,1,0.949324003,0.951421043,0.983389245,0.966383691,0.9716262,1,1,1,1,1,1,1,0.947122492,0.944185959,0.985327665,0.966037111,0.964793902,1,1,1,1,1,1,1,0.943820225,0.933333333,0.988235294,0.965517241,0.954545455, 
668,718,552,548,816,842,834,866,136,116,116,152,180,174,160,116,140,118,184,110,0.78807947,0.82781457,0.821192053,0.61589404,0.562913907,0.562913907,0.629139073,0.887417219,0.834437086,0.841059603,0.682119205,0.874172185,0.89047619,0.880952381,0.880952381,0.89047619,0.785714286,0.814285714,0.847619048,0.895238095,0.857142857,0.89047619,0.766666667,0.914285714,0.923207228,0.934500282,0.934500282,0.914172784,0.898362507,0.901750423,0.909655562,0.934500282,0.920948617,0.933370977,0.896103896,0.937888199,0.946245059,0.92393437,0.921776097,0.939920949,0.928853755,0.931225296,0.936758893,0.916895296,0.908999696,0.910792116,0.913383838,0.941413825,0.961603614,0.916890429,0.913293307,0.957086392,0.949181254,0.950875212,0.954827781,0.905158638,0.901033749,0.895739542,0.9249038,0.943764243,0.976962168,0.909846488,0.904810516,0.974251835,0.969508752,0.970525127,0.972896669,0.89342198,0.893067802,0.880686969,0.936423761,0.946114661,1,0.899280576,0.892086331,1,1,1,1,0.875816993,0.881118881,0.858108108,0.953703704,0.949640288, 
688,730,564,666,672,672,956,956,22,110,124,126,126,132,132,192,20,132,208,136,0.967741935,1,0.935483871,0.572580645,0.572580645,0.233870968,0.233870968,1,0.967741935,0.862903226,0.975806452,0.967741935,0.966666667,0.966666667,0.966666667,0.966666667,0.966666667,0.966666667,0.966666667,0.947619048,0.980952381,0.952380952,0.914285714,0.966666667,0.98757764,0.937888199,0.92998306,0.928853755,0.928853755,0.925465839,0.925465839,0.891586674,0.988706945,0.925465839,0.88255223,0.923207228,0.991304348,0.947146739,0.933914972,0.950197628,0.950197628,0.947826087,0.947826087,0.882444005,0.982417442,0.917573986,0.840485948,0.92105422,0.99378882,0.953319099,0.936536246,0.964426877,0.964426877,0.962732919,0.962732919,0.876348893,0.97822444,0.912312751,0.812441759,0.919618881,0.996273292,0.95949146,0.93915752,0.978656126,0.978656126,0.977639752,0.977639752,0.87025378,0.974031438,0.907051516,0.784397571,0.918183542,1,0.96875,0.943089431,1,1,1,1,0.861111111,0.967741935,0.899159664,0.742331288,0.916030534, 
548,492,472,490,490,568,568,600,80,82,66,66,32,32,20,54,144,20,188,142,1,1,1,1,0.947368421,0.947368421,1,1,1,1,1,1,0.971428571,0.971428571,0.971428571,0.971428571,0.971428571,0.971428571,0.952380952,1,0.980952381,0.99047619,0.966666667,0.99047619,0.954827781,0.953698475,0.962732919,0.962732919,0.981931112,0.981931112,0.988706945,0.969508752,0.918690006,0.988706945,0.893845285,0.919819311,0.925136203,0.929056823,0.940268184,0.940268184,0.987351779,0.987351779,0.992094862,0.945011267,0.842383703,0.985909295,0.820897179,0.86480375,0.905341818,0.912629054,0.925291693,0.925291693,0.990965556,0.990965556,0.994353473,0.92867961,0.791512835,0.984044194,0.772265108,0.82812671,0.885547433,0.896201286,0.910315203,0.910315203,0.994579334,0.994579334,0.996612084,0.912347953,0.740641967,0.982179094,0.723633038,0.791449669,0.855855856,0.871559633,0.887850467,0.887850467,1,1,1,0.887850467,0.664335664,0.979381443,0.650684932,0.736434109, 
764,1394,748,804,1090,1094,1090,1196,290,38,100,182,176,178,182,158,184,100,160,162,0.525423729,0.915254237,0.652542373,0.237288136,0.237288136,0.237288136,0.508474576,0.889830508,0.86440678,0.872881356,0.762711864,0.872881356,0.866666667,0.942857143,0.9,0.833333333,0.838095238,0.857142857,0.842857143,0.89047619,0.876190476,0.923809524,0.947619048,0.885714286,0.836250706,0.978543196,0.943534726,0.897233202,0.900621118,0.899491813,0.897233202,0.910784867,0.896103896,0.943534726,0.909655562,0.908526256,0.876000494,0.979525692,0.914320462,0.928063241,0.930434783,0.929644269,0.928063241,0.857829127,0.888811189,0.93152694,0.884465315,0.859881423,0.902500353,0.980180689,0.894844286,0.948616601,0.950310559,0.949745906,0.948616601,0.822525301,0.883949384,0.923521749,0.867671818,0.827451534,0.929000212,0.980835686,0.87536811,0.96916996,0.970186335,0.969847544,0.96916996,0.787221474,0.879087579,0.915516558,0.85087832,0.795021645,0.96875,0.981818182,0.846153846,1,1,1,1,0.734265734,0.871794872,0.903508772,0.825688073,0.746376812, 
424,464,424,464,464,464,464,464,10,0,10,10,10,10,10,0,90,108,226,0,1,1,1,1,1,1,1,1,1,1,1,1,0.976190476,1,0.976190476,0.976190476,0.976190476,0.976190476,0.976190476,1,1,0.952380952,0.971428571,1,0.994353473,1,0.994353473,0.994353473,0.994353473,0.994353473,0.994353473,1,0.949181254,0.939017504,0.872388481,1,0.996047431,1,0.996047431,0.996047431,0.996047431,0.996047431,0.996047431,1,0.904426877,0.929010366,0.819367589,1,0.997176736,1,0.997176736,0.997176736,0.997176736,0.997176736,0.997176736,1,0.874590627,0.922338941,0.784020327,1,0.998306042,1,0.998306042,0.998306042,0.998306042,0.998306042,0.998306042,1,0.844754376,0.915667515,0.748673066,1,1,1,1,1,1,1,1,1,0.8,0.905660377,0.695652174,1, 
952,1256,736,778,834,956,988,1088,330,138,136,136,188,182,258,60,216,118,376,182,0.684210526,1,1,0.789473684,0.505263158,0.589473684,0.631578947,1,0.989473684,1,1,1,0.90952381,0.938095238,0.919047619,0.923809524,0.90952381,0.90952381,0.90952381,0.952380952,0.952380952,0.976190476,0.923809524,0.952380952,0.813664596,0.922077922,0.923207228,0.923207228,0.893845285,0.897233202,0.854319593,0.966120836,0.878035008,0.933370977,0.78769057,0.897233202,0.856329923,0.922153575,0.937061386,0.938452851,0.9256917,0.928063241,0.898023715,0.947713156,0.883195935,0.938359684,0.783090716,0.899491813,0.884773475,0.92220401,0.946297491,0.948616601,0.946922643,0.948616601,0.927159797,0.93544137,0.886636552,0.941685488,0.780024147,0.900997553,0.913217026,0.922254445,0.955533597,0.95878035,0.968153586,0.96916996,0.956295878,0.923169584,0.890077169,0.945011293,0.776957578,0.902503294,0.955882353,0.922330097,0.969387755,0.974025974,1,1,1,0.904761905,0.895238095,0.95,0.772357724,0.904761905, 
836,768,590,626,604,740,896,946,54,146,144,152,130,146,52,252,214,0,172,198,1,1,0.974137931,1,0.965517241,0.603448276,0.948275862,0.948275862,1,1,1,1,0.952380952,0.942857143,0.938095238,0.938095238,0.938095238,0.952380952,0.961904762,0.9,0.933333333,1,0.947619048,0.942857143,0.969508752,0.9175607,0.918690006,0.914172784,0.926595144,0.9175607,0.970638058,0.85770751,0.879164314,1,0.902879729,0.888198758,0.973571381,0.925219319,0.93037114,0.927524254,0.940790514,0.94229249,0.97944664,0.854241411,0.885182462,1,0.906031558,0.89361413,0.9762798,0.930325066,0.938158562,0.936425235,0.950254094,0.95878035,0.985319029,0.851930678,0.88919456,1,0.908132778,0.897224379,0.978988219,0.935430812,0.945945985,0.945326215,0.959717674,0.97526821,0.991191417,0.849619945,0.893206659,1,0.910233997,0.900834627,0.983050847,0.943089431,0.957627119,0.958677686,0.973913043,1,1,0.846153846,0.899224806,1,0.913385827,0.90625, 
92,92,92,92,92,274,274,610,0,0,0,0,38,38,108,54,0,0,0,38,1,1,1,1,0.907284768,0.907284768,0.721854305,0.860927152,1,1,1,0.907284768,1,1,1,1,1,1,1,0.919047619,1,1,1,0.933333333,1,1,1,1,0.978543196,0.978543196,0.939017504,0.969508752,1,1,1,0.978543196,1,1,1,1,0.984980237,0.984980237,0.957312253,0.93026903,1,1,1,0.943470803,1,1,1,1,0.989271598,0.989271598,0.969508752,0.904109215,1,1,1,0.920089208,1,1,1,1,0.993562959,0.993562959,0.981705251,0.8779494,1,1,1,0.896707613,1,1,1,1,1,1,1,0.838709677,1,1,1,0.86163522, 
434,434,396,434,434,434,434,434,0,52,0,0,0,0,0,240,52,0,142,0,1,1,1,1,1,1,1,1,1,1,1,1,1,0.995238095,1,1,1,1,1,0.976190476,0.995238095,1,0.980952381,1,1,0.970638058,1,1,1,1,1,0.864483343,0.970638058,1,0.919819311,1,1,0.964229249,1,1,1,1,1,0.881898903,0.964229249,1,0.922596922,1,1,0.95995671,1,1,1,1,1,0.893509277,0.95995671,1,0.924448663,1,1,0.955684171,1,1,1,1,1,0.905119651,0.955684171,1,0.926300403,1,1,0.949275362,1,1,1,1,1,0.922535211,0.949275362,1,0.929078014,1, 
418,434,404,434,434,434,434,434,8,20,8,8,8,8,8,186,0,20,20,192,1,1,1,1,1,1,1,1,1,1,1,1,0.980952381,0.980952381,0.980952381,0.980952381,0.980952381,0.980952381,0.980952381,0.957142857,1,0.980952381,0.980952381,0.933333333,0.995482778,0.988706945,0.995482778,0.995482778,0.995482778,0.995482778,0.995482778,0.894974591,1,0.988706945,0.988706945,0.891586674,0.996837945,0.984547692,0.996837945,0.996837945,0.996837945,0.996837945,0.996837945,0.910018799,1,0.984547692,0.984547692,0.899258601,0.997741389,0.981774856,0.997741389,0.997741389,0.997741389,0.997741389,0.997741389,0.920048271,1,0.981774856,0.981774856,0.904373219,0.998644833,0.979002021,0.998644833,0.998644833,0.998644833,0.998644833,0.998644833,0.930077743,1,0.979002021,0.979002021,0.909487837,1,0.974842767,1,1,1,1,1,0.945121951,1,0.974842767,0.974842767,0.917159763, 
712,730,446,438,742,808,808,890,172,128,126,66,82,82,64,128,128,210,136,110,1,1,1,0.904761905,0.857142857,0.857142857,0.952380952,1,0.952380952,1,1,1,0.933333333,0.952380952,0.957142857,0.933333333,0.933333333,0.933333333,0.895238095,0.995238095,0.957142857,0.957142857,0.933333333,0.938095238,0.902879729,0.927724449,0.928853755,0.962732919,0.953698475,0.953698475,0.963862225,0.927724449,0.927724449,0.881422925,0.923207228,0.937888199,0.859042837,0.844755952,0.845546466,0.973913043,0.967588933,0.967588933,0.974703557,0.843253268,0.831225296,0.796996047,0.89575001,0.892035758,0.829818243,0.78944362,0.790008273,0.98136646,0.976849238,0.976849238,0.981931112,0.786939148,0.766892528,0.740711462,0.877445198,0.861467464,0.800593648,0.734131288,0.73447008,0.988819876,0.986109543,0.986109543,0.989158667,0.730625027,0.702559759,0.684426877,0.859140386,0.83089917,0.756756757,0.651162791,0.651162791,1,1,1,1,0.646153846,0.606060606,0.6,0.831683168,0.785046729, 
382,396,392,396,396,396,396,728,18,14,18,18,18,18,86,34,106,136,0,106,1,1,1,1,1,1,0.84,1,1,0.96,1,1,0.957142857,0.966666667,0.957142857,0.957142857,0.957142857,0.957142857,0.880952381,0.952380952,0.961904762,0.919047619,1,0.961904762,0.989836251,0.992094862,0.989836251,0.989836251,0.989836251,0.989836251,0.951439864,0.980801807,0.94014681,0.923207228,1,0.94014681,0.992885375,0.994466403,0.992885375,0.992885375,0.992885375,0.992885375,0.966007905,0.977823401,0.935880545,0.910465243,1,0.935880545,0.994918125,0.996047431,0.994918125,0.994918125,0.994918125,0.994918125,0.975719932,0.975837797,0.933036368,0.901970586,1,0.933036368,0.996950875,0.997628458,0.996950875,0.996950875,0.996950875,0.996950875,0.985431959,0.973852193,0.930192191,0.89347593,1,0.930192191,1,1,1,1,1,1,1,0.970873786,0.925925926,0.880733945,1,0.925925926, 
464,600,448,448,592,528,528,528,120,108,108,48,16,16,16,80,20,198,146,20,1,1,1,1,1,1,1,1,1,1,1,1,0.961904762,1,1,0.885714286,0.961904762,0.961904762,0.961904762,1,0.99047619,0.933333333,0.99047619,0.985714286,0.932241671,0.939017504,0.939017504,0.972896669,0.990965556,0.990965556,0.990965556,0.954827781,0.988706945,0.888198758,0.9175607,0.988706945,0.885902503,0.867312253,0.867312253,0.981027668,0.993675889,0.993675889,0.993675889,0.859288538,0.981750034,0.7914361,0.863345122,0.976840624,0.855009725,0.819508752,0.819508752,0.986448334,0.995482778,0.995482778,0.995482778,0.795595709,0.977112093,0.726927662,0.827201403,0.968929744,0.824116946,0.771705251,0.771705251,0.991869001,0.997289667,0.997289667,0.997289667,0.73190288,0.972474153,0.662419223,0.791057684,0.961018863,0.777777778,0.7,0.7,1,1,1,1,0.636363636,0.965517241,0.565656566,0.736842105,0.949152542, 
776,742,718,734,786,1022,1062,1164,38,80,80,38,106,112,102,204,20,20,330,202,1,1,1,0.867647059,0.654411765,0.235294118,0.75,0.904411765,0.985294118,0.933823529,0.970588235,0.985294118,0.980952381,0.980952381,0.980952381,0.99047619,0.9,0.980952381,0.976190476,0.90952381,0.971428571,0.99047619,0.880952381,0.952380952,0.978543196,0.954827781,0.954827781,0.978543196,0.94014681,0.936758893,0.942405421,0.884810841,0.988706945,0.988706945,0.813664596,0.885940147,0.976408809,0.959808018,0.959808018,0.979980237,0.958102767,0.955731225,0.959683794,0.892700922,0.979237719,0.987443699,0.77798627,0.843491436,0.974985884,0.963128176,0.963128176,0.980938265,0.970073405,0.968379447,0.97120271,0.897960976,0.972924901,0.986601535,0.754200719,0.815192296,0.973562959,0.966448334,0.966448334,0.981896292,0.982044043,0.981027668,0.982721626,0.90322103,0.966612084,0.98575937,0.730415168,0.786893155,0.971428571,0.971428571,0.971428571,0.983333333,1,1,1,0.911111111,0.957142857,0.984496124,0.694736842,0.744444444, 
1034,1044,874,1004,1020,1120,1122,1218,200,160,158,126,156,142,60,210,156,418,156,94,1,1,1,1,0.746987952,0.674698795,0.951807229,1,1,1,1,0.987951807,0.89047619,0.961904762,0.9,0.9,0.861904762,0.89047619,0.904761905,0.919047619,0.971428571,0.895238095,0.971428571,0.938095238,0.887069452,0.909655562,0.910784867,0.928853755,0.911914173,0.919819311,0.966120836,0.881422925,0.911914173,0.763975155,0.911914173,0.946922643,0.877649648,0.86312253,0.89965467,0.939732512,0.938339921,0.943873518,0.976284585,0.847551603,0.864703557,0.66583524,0.864703557,0.924547977,0.871369778,0.832100508,0.892234539,0.946985017,0.955957086,0.959909656,0.983060418,0.824970722,0.833229814,0.60040863,0.833229814,0.909631534,0.865089908,0.801078487,0.884814408,0.954237522,0.973574252,0.975945793,0.989836251,0.80238984,0.80175607,0.53498202,0.80175607,0.894715091,0.855670103,0.754545455,0.873684211,0.965116279,1,1,1,0.768518519,0.754545455,0.436842105,0.754545455,0.872340426, 
424,426,382,426,442,442,442,898,26,38,26,6,6,6,124,140,20,122,122,20,1,1,1,1,1,1,0.694805195,1,1,1,0.928571429,1,0.985714286,0.985714286,0.985714286,0.985714286,0.985714286,0.985714286,0.90952381,0.957142857,0.985714286,0.971428571,0.961904762,1,0.985319029,0.978543196,0.985319029,0.996612084,0.996612084,0.996612084,0.92998306,0.920948617,0.988706945,0.931112366,0.931112366,0.988706945,0.976679842,0.966687554,0.976679842,0.997628458,0.997628458,0.997628458,0.950988142,0.916428738,0.986362378,0.928425363,0.939698119,0.979051383,0.970920384,0.958783793,0.970920384,0.998306042,0.998306042,0.998306042,0.96499153,0.913415485,0.984799332,0.926634027,0.945421955,0.972614342,0.965160926,0.950880032,0.965160926,0.998983625,0.998983625,0.998983625,0.978994918,0.910402232,0.983236287,0.924842692,0.95114579,0.966177301,0.956521739,0.93902439,0.956521739,1,1,1,1,0.905882353,0.98089172,0.922155689,0.959731544,0.956521739, 
522,542,510,542,542,542,542,828,6,20,6,6,6,6,86,0,242,168,74,38,1,1,1,1,1,1,0.848484848,1,1,0.96969697,1,0.96969697,0.985714286,0.985714286,0.985714286,0.985714286,0.985714286,0.985714286,0.985714286,1,0.976190476,0.938095238,0.976190476,0.952380952,0.996612084,0.988706945,0.996612084,0.996612084,0.996612084,0.996612084,0.951439864,1,0.863354037,0.90513834,0.958215697,0.978543196,0.997628458,0.983271332,0.997628458,0.997628458,0.997628458,0.997628458,0.966007905,1,0.822730179,0.893056297,0.956327911,0.964591888,0.998306042,0.97964759,0.998306042,0.998306042,0.998306042,0.998306042,0.975719932,1,0.795647607,0.885001602,0.955069387,0.955291015,0.998983625,0.976023848,0.998983625,0.998983625,0.998983625,0.998983625,0.985431959,1,0.768565035,0.876946907,0.953810863,0.945990143,1,0.970588235,1,1,1,1,1,1,0.727941176,0.864864865,0.951923077,0.932038835, 
608,542,530,538,616,688,720,822,72,80,84,4,124,122,58,146,44,80,128,210,1,1,1,1,0.620689655,0.586206897,0.896551724,0.965517241,0.965517241,1,0.982758621,0.974137931,0.952380952,0.976190476,0.966666667,0.99047619,0.952380952,0.966666667,0.952380952,0.942857143,0.961904762,0.976190476,0.942857143,0.919047619,0.959345003,0.954827781,0.95256917,0.997741389,0.92998306,0.931112366,0.967250141,0.9175607,0.97515528,0.954827781,0.927724449,0.881422925,0.952186663,0.955982752,0.954401725,0.998418972,0.950988142,0.951778656,0.977075099,0.906859419,0.969788183,0.955982752,0.925213566,0.883925181,0.947414437,0.956752733,0.955623428,0.998870695,0.96499153,0.965556183,0.983625071,0.899725232,0.966210118,0.956752733,0.923539644,0.885593352,0.942642211,0.957522714,0.956845131,0.999322417,0.978994918,0.97933371,0.990175042,0.892591045,0.962632054,0.957522714,0.921865722,0.887261523,0.935483871,0.958677686,0.958677686,1,1,1,1,0.881889764,0.957264957,0.958677686,0.919354839,0.88976378, 
560,634,532,566,644,644,786,1304,42,64,76,42,42,74,190,108,80,278,56,38,1,1,1,0.924137931,0.924137931,0.889655172,0.627586207,0.95862069,1,1,0.924137931,0.986206897,0.942857143,0.966666667,0.938095238,0.942857143,0.938095238,0.928571429,0.895238095,0.942857143,0.985714286,0.933333333,0.928571429,0.952380952,0.976284585,0.963862225,0.957086392,0.976284585,0.976284585,0.958215697,0.89271598,0.939017504,0.954827781,0.843026539,0.968379447,0.978543196,0.981344415,0.970621925,0.965878842,0.981176987,0.981176987,0.968443296,0.924901186,0.928091474,0.962298366,0.863703483,0.945865613,0.969086197,0.984717635,0.975128391,0.971740475,0.984438589,0.984438589,0.975261695,0.94635799,0.920807453,0.967278755,0.877488112,0.93085639,0.962781532,0.988090855,0.979634858,0.977602108,0.98770019,0.98770019,0.982080094,0.967814794,0.913523433,0.972259145,0.891272741,0.915847167,0.956476866,0.993150685,0.986394558,0.986394558,0.992592593,0.992592593,0.992307692,1,0.902597403,0.97972973,0.911949686,0.893333333,0.947019868, 
380,390,390,390,390,390,390,390,12,12,12,12,12,12,12,74,14,74,34,184,1,1,1,1,1,1,1,1,1,1,1,1,0.971428571,0.971428571,0.971428571,0.971428571,0.971428571,0.971428571,0.971428571,0.971428571,0.966666667,0.971428571,0.942857143,0.919047619,0.993224167,0.993224167,0.993224167,0.993224167,0.993224167,0.993224167,0.993224167,0.958215697,0.992094862,0.958215697,0.980801807,0.896103896,0.995256917,0.995256917,0.995256917,0.995256917,0.995256917,0.995256917,0.995256917,0.952929206,0.994466403,0.952929206,0.971561265,0.888740617,0.996612084,0.996612084,0.996612084,0.996612084,0.996612084,0.996612084,0.996612084,0.949404878,0.996047431,0.949404878,0.965400903,0.883831765,0.99796725,0.99796725,0.99796725,0.99796725,0.99796725,0.99796725,0.99796725,0.945880551,0.997628458,0.945880551,0.959240542,0.878922912,1,1,1,1,1,1,1,0.940594059,1,0.940594059,0.95,0.871559633, 
822,888,796,878,888,888,888,888,32,48,86,32,32,32,32,62,98,20,384,258,0.963855422,1,0.963855422,0.963855422,0.963855422,0.963855422,0.963855422,0.963855422,1,1,1,1,0.938095238,0.952380952,0.923809524,0.938095238,0.938095238,0.938095238,0.938095238,0.933333333,0.971428571,0.980952381,0.933333333,0.947619048,0.981931112,0.972896669,0.951439864,0.981931112,0.981931112,0.981931112,0.981931112,0.96499153,0.944664032,0.988706945,0.783173348,0.854319593,0.987351779,0.960802949,0.955164532,0.987351779,0.987351779,0.987351779,0.987351779,0.954563839,0.879685875,0.978301758,0.736857708,0.807267413,0.990965556,0.952740469,0.957647643,0.990965556,0.990965556,0.990965556,0.990965556,0.947612044,0.836367104,0.971364967,0.705980614,0.775899293,0.994579334,0.944677989,0.960130755,0.994579334,0.994579334,0.994579334,0.994579334,0.94066025,0.793048332,0.964428176,0.67510352,0.744531172,1,0.93258427,0.963855422,1,1,1,1,0.930232558,0.728070175,0.954022989,0.628787879,0.697478992, 
760,414,414,414,458,532,578,1110,160,160,160,164,90,88,88,198,132,176,174,80,1,1,1,1,1,0.736842105,0.912280702,1,1,1,1,0.98245614,0.980952381,0.980952381,0.980952381,0.976190476,0.976190476,0.980952381,0.980952381,0.957142857,0.980952381,0.961904762,0.995238095,0.952380952,0.909655562,0.909655562,0.909655562,0.907396951,0.949181254,0.950310559,0.950310559,0.888198758,0.925465839,0.900621118,0.901750423,0.954827781,0.877603964,0.877603964,0.877603964,0.896246568,0.951821835,0.965217391,0.965217391,0.854392192,0.915013587,0.864681358,0.877268462,0.948379447,0.856236232,0.856236232,0.856236232,0.888812979,0.953582223,0.97515528,0.97515528,0.831854481,0.908045419,0.840721518,0.860947154,0.944080557,0.8348685,0.8348685,0.8348685,0.881379391,0.955342611,0.985093168,0.985093168,0.80931677,0.901077252,0.816761678,0.844625846,0.939781668,0.802816901,0.802816901,0.802816901,0.870229008,0.957983193,1,1,0.775510204,0.890625,0.780821918,0.820143885,0.933333333, 
1188,962,898,902,1092,1172,1182,1276,192,214,180,182,78,134,58,214,156,218,448,152,0.964285714,1,1,0.892857143,1,0.535714286,0.357142857,1,1,1,1,1,0.923809524,0.938095238,0.952380952,0.938095238,0.942857143,0.928571429,0.933333333,0.919047619,0.976190476,0.952380952,0.90952381,0.976190476,0.891586674,0.879164314,0.898362507,0.897233202,0.955957086,0.924336533,0.967250141,0.879164314,0.911914173,0.876905703,0.747035573,0.914172784,0.767473504,0.76954346,0.780205106,0.855335968,0.905789679,0.947035573,0.977075099,0.786843591,0.84074956,0.769389548,0.615232593,0.766236738,0.68473139,0.696462891,0.701433506,0.82740448,0.87234474,0.962168267,0.983625071,0.725296443,0.793306484,0.697712111,0.52736394,0.667612708,0.601989277,0.623382322,0.622661905,0.799472991,0.838899802,0.97730096,0.990175042,0.663749294,0.745863408,0.626034674,0.439495287,0.568988677,0.477876106,0.513761468,0.504504505,0.757575758,0.788732394,1,1,0.571428571,0.674698795,0.518518519,0.307692308,0.421052632, 
650,698,492,606,696,702,696,820,46,138,136,66,66,106,48,178,88,246,20,118,1,1,0.990196078,0.960784314,0.921568627,0.803921569,0.970588235,0.990196078,1,1,1,1,0.933333333,0.957142857,0.923809524,0.933333333,0.933333333,0.938095238,0.933333333,0.966666667,0.966666667,0.947619048,0.980952381,0.971428571,0.974025974,0.922077922,0.923207228,0.962732919,0.962732919,0.94014681,0.972896669,0.899491813,0.950310559,0.861095426,0.988706945,0.933370977,0.97890556,0.923636364,0.937591213,0.97088274,0.973913043,0.958102767,0.981027668,0.90762592,0.945951336,0.873563259,0.980774107,0.936693017,0.982158618,0.924675325,0.947180537,0.976315955,0.98136646,0.970073405,0.986448334,0.913048659,0.943045188,0.881875147,0.975485548,0.938907711,0.985411676,0.925714286,0.956769861,0.981749169,0.988819876,0.982044043,0.991869001,0.918471397,0.940139039,0.890187035,0.970196989,0.941122404,0.990291262,0.927272727,0.971153846,0.98989899,1,1,1,0.926605505,0.935779817,0.902654867,0.962264151,0.944444444, 
1200,928,786,890,888,888,1136,1384,160,230,164,206,206,100,124,224,106,112,396,362,1,1,1,1,1,0.98245614,0.736842105,1,1,1,0.99122807,1,0.957142857,0.947619048,0.942857143,0.952380952,0.952380952,0.952380952,0.90952381,0.966666667,0.976190476,0.971428571,0.923809524,0.971428571,0.909655562,0.87012987,0.907396951,0.883681536,0.883681536,0.943534726,0.92998306,0.873517787,0.94014681,0.936758893,0.776397516,0.795595709,0.88639393,0.813881328,0.87946358,0.883693354,0.883693354,0.940474308,0.924901186,0.812638921,0.927394105,0.910955106,0.735003685,0.75928386,0.870886175,0.7763823,0.860841333,0.883701233,0.883701233,0.93843403,0.921513269,0.772053011,0.918892302,0.893752581,0.707407797,0.735075961,0.85537842,0.738883272,0.842219085,0.883709112,0.883709112,0.936393751,0.918125353,0.731467101,0.9103905,0.876550056,0.67981191,0.710868062,0.832116788,0.682634731,0.814285714,0.88372093,0.88372093,0.933333333,0.913043478,0.670588235,0.897637795,0.850746269,0.638418079,0.674556213, 
368,368,368,368,368,368,836,836,0,0,0,0,0,120,126,38,0,200,130,0,1,1,1,1,1,0.181818182,0.272727273,0.945454545,1,0.845454545,0.909090909,1,1,1,1,1,1,0.971428571,0.957142857,0.961904762,1,0.952380952,0.914285714,1,1,1,1,1,1,0.932241671,0.928853755,0.978543196,1,0.887069452,0.926595144,1,1,1,1,1,1,0.95256917,0.950197628,0.968616601,1,0.872299968,0.909486166,1,1,1,1,1,1,0.966120836,0.964426877,0.961998871,1,0.862453645,0.898080181,1,1,1,1,1,1,0.979672501,0.978656126,0.955381141,1,0.852607322,0.886674195,1,1,1,1,1,1,1,1,0.945454545,1,0.837837838,0.869565217,1, 
,,,,,,,,94.06,86.38,87.26,75.76,82.66,89.78,95.26,125.84,109.66,124.72,157.76,128.26,,,,,,,,,,,,,,,,,,,,,,,,,,,,,,,,,,,,,,,,,,,,,,,,,,,,,,,,,,,,,,,,,,,,,,,,,,,,,,,,,,,,,
